USE `Biblioteca_da_Vila` ;


SET SQL_SAFE_UPDATES = 0;


INSERT INTO pais
	(id_pais, nome)
	VALUES
		(1, 'Portugal'),
		(2, 'Espanha'),
		(3, 'Franca'),
		(4, 'UK'),
		(5, 'USA')
;

INSERT INTO distrito
	(id_dist, nome, pais)
	VALUES
		(1, 'Braga', 1),
		(2, 'Porto', 1),
		(3, 'Lisboa', 1),
		(4, 'Bragança', 1),
		(5, 'Coimbra', 1),
		(6, 'Faro', 1),
		(7, 'Viana do Castelo', 1)
;

INSERT INTO concelho
	(id_con, nome, distrito)
	VALUES
		(1, 'Amares', 1),
		(2, 'Braga', 1),
		(3, 'Esposende', 1),
		(4, 'Guimarães', 1),
		(5, 'Vila Verde', 1),
		(6, 'Barcelos', 1),
		(7, 'Lousada', 2),
		(8, 'Felgueiras', 2),
		(9, 'Póvoa de Varzim', 2),
		(10, 'Matosinhos', 2),
		(11, 'Gondomar', 2),
		(12, 'Penafiel', 2),
		(13, 'Porto', 2),
		(14, 'Oeiras', 3),
		(15, 'Odivelas', 3),
		(16, 'Loures', 3),
		(17, 'Sintra', 3),
		(18, 'Cascais', 3),
		(19, 'Amadora', 3),
		(20, 'Mogadoura', 4),
		(21, 'Bragança', 4),
		(22, 'Coimbra', 5),
		(23, 'Miranda do Corvo', 5),
		(24, 'Faro', 6),
		(25, 'Arcos de Valdevez', 7)
;

INSERT INTO morada
	(id_mor, codPostal, rua, n_porta, concelho)
	VALUES
		(1, '4720-414', 'rua 79', '120', 1),
		(2, '4720-223', 'rua 17', '181', 1),
		(3, '4715-459', 'rua 28', '138', 2),
		(4, '4740-88', 'rua 37', '20', 3),
		(5, '4700-332', 'rua 50', '192', 2),
		(6, '4721-264', 'rua 78', '152', 1),
		(7, '4805-163', 'rua 90', '123', 4),
		(8, '4721-120', 'rua 32', '145', 1),
		(9, '4710-270', 'rua 63', '190', 2),
		(10, '4730-369', 'rua 90', '227', 5),
		(11, '4740-483', 'rua 43', '134', 3),
		(12, '4720-23', 'rua 6', '135', 1),
		(13, '4740-123', 'rua 42', '25', 3),
		(14, '4750-153', 'rua 66', '277', 6),
		(15, '4730-86', 'rua 1', '62', 5),
		(16, '4750-97', 'rua 13', '260', 6),
		(17, '4800-396', 'rua 40', '225', 4),
		(18, '4730-265', 'rua 93', '73', 5),
		(19, '4700-255', 'rua 8', '116', 2),
		(20, '4730-136', 'rua 19', '248', 5),
		(21, '4720-211', 'rua 31', '51', 1),
		(22, '4730-431', 'rua 66', '242', 5),
		(23, '4705-116', 'rua 36', '160', 2),
		(24, '4805-311', 'rua 95', '160', 4),
		(25, '4740-294', 'rua 47', '264', 3),
		(26, '4740-92', 'rua 30', '296', 3),
		(27, '4730-217', 'rua 82', '232', 5),
		(28, '4755-479', 'rua 20', '99', 6),
		(29, '4705-401', 'rua 58', '25', 2),
		(30, '4750-329', 'rua 32', '198', 6),
		(31, '4740-121', 'rua 83', '55', 3),
		(32, '4755-102', 'rua 77', '9', 6),
		(33, '4805-241', 'rua 4', '154', 4),
		(34, '4705-202', 'rua 90', '107', 2),
		(35, '4721-398', 'rua 19', '135', 1),
		(36, '4800-279', 'rua 23', '256', 4),
		(37, '4715-335', 'rua 72', '281', 2),
		(38, '4720-482', 'rua 47', '306', 1),
		(39, '4721-191', 'rua 26', '155', 1),
		(40, '4750-87', 'rua 89', '330', 6),
		(41, '4730-19', 'rua 77', '111', 5),
		(42, '4700-391', 'rua 81', '11', 2),
		(43, '4721-483', 'rua 38', '92', 1),
		(44, '4800-40', 'rua 87', '251', 4),
		(45, '4805-98', 'rua 62', '319', 4),
		(46, '4800-399', 'rua 99', '124', 4),
		(47, '4705-363', 'rua 18', '136', 2),
		(48, '4805-99', 'rua 17', '105', 4),
		(49, '4710-486', 'rua 8', '283', 2),
		(50, '4805-318', 'rua 25', '138', 4),
		(51, '4706-205', 'rua 56', '220', 2),
		(52, '4730-339', 'rua 32', '100', 5),
		(53, '4720-219', 'rua 95', '272', 1),
		(54, '4800-478', 'rua 89', '3', 4),
		(55, '4755-78', 'rua 30', '201', 6),
		(56, '4720-480', 'rua 53', '325', 1),
		(57, '4740-105', 'rua 43', '247', 3),
		(58, '4710-392', 'rua 8', '101', 2),
		(59, '4740-344', 'rua 81', '81', 3),
		(60, '4740-141', 'rua 5', '200', 3),
		(61, '4730-7', 'rua 25', '172', 5),
		(62, '4750-296', 'rua 55', '200', 6),
		(63, '4740-492', 'rua 58', '156', 3),
		(64, '4740-305', 'rua 2', '208', 3),
		(65, '4750-453', 'rua 80', '127', 6),
		(66, '4721-441', 'rua 82', '221', 1),
		(67, '4721-179', 'rua 79', '281', 1),
		(68, '4740-182', 'rua 57', '45', 3),
		(69, '4800-317', 'rua 38', '26', 4),
		(70, '4720-279', 'rua 52', '256', 1),
		(71, '4720-497', 'rua 4', '189', 1),
		(72, '4730-415', 'rua 67', '107', 5),
		(73, '4721-457', 'rua 6', '108', 1),
		(74, '4740-280', 'rua 62', '254', 3),
		(75, '4750-343', 'rua 77', '265', 6),
		(76, '4800-475', 'rua 14', '78', 4),
		(77, '4720-17', 'rua 29', '324', 1),
		(78, '4740-235', 'rua 48', '210', 3),
		(79, '4730-78', 'rua 94', '108', 5),
		(80, '4800-419', 'rua 36', '86', 4),
		(81, '4620-144', 'rua 35', '87', 7),
		(82, '4650-236', 'rua 98', '195', 8),
		(83, '4490-329', 'rua 8', '133', 9),
		(84, '4620-304', 'rua 17', '173', 7),
		(85, '4455-110', 'rua 86', '105', 10),
		(86, '4455-471', 'rua 4', '298', 10),
		(87, '4615-280', 'rua 24', '250', 8),
		(88, '4420-248', 'rua 38', '256', 11),
		(89, '4515-40', 'rua 75', '169', 11),
		(90, '4570-301', 'rua 50', '119', 9),
		(91, '4570-277', 'rua 20', '295', 9),
		(92, '4620-282', 'rua 65', '170', 7),
		(93, '4615-429', 'rua 52', '283', 8),
		(94, '4490-154', 'rua 58', '238', 9),
		(95, '4490-279', 'rua 26', '326', 9),
		(96, '4564-144', 'rua 80', '202', 12),
		(97, '4460-485', 'rua 42', '258', 10),
		(98, '4620-353', 'rua 11', '78', 7),
		(99, '4620-357', 'rua 24', '188', 7),
		(100, '4510-394', 'rua 86', '190', 11),
		(101, '4450-486', 'rua 43', '57', 10),
		(102, '4420-201', 'rua 93', '313', 11),
		(103, '4560-180', 'rua 79', '155', 12),
		(104, '4150-66', 'rua 84', '34', 13),
		(105, '4420-287', 'rua 50', '65', 11),
		(106, '4570-73', 'rua 20', '194', 9),
		(107, '4564-393', 'rua 81', '52', 12),
		(108, '4560-45', 'rua 81', '261', 12),
		(109, '4455-22', 'rua 46', '1', 10),
		(110, '4620-470', 'rua 11', '285', 7),
		(111, '4570-481', 'rua 35', '204', 9),
		(112, '4450-231', 'rua 65', '169', 10),
		(113, '4570-365', 'rua 99', '37', 9),
		(114, '4420-15', 'rua 57', '119', 11),
		(115, '4300-457', 'rua 62', '84', 13),
		(116, '4610-211', 'rua 80', '162', 8),
		(117, '4460-37', 'rua 13', '327', 10),
		(118, '4350-83', 'rua 97', '322', 13),
		(119, '4564-418', 'rua 53', '156', 12),
		(120, '4615-353', 'rua 23', '47', 8),
		(121, '2740-17', 'rua 92', '293', 14),
		(122, '2620-35', 'rua 86', '26', 15),
		(123, '2680-184', 'rua 28', '59', 16),
		(124, '2620-473', 'rua 45', '271', 15),
		(125, '2725-154', 'rua 75', '25', 17),
		(126, '2751-493', 'rua 38', '174', 18),
		(127, '2620-483', 'rua 52', '94', 15),
		(128, '2646-396', 'rua 95', '135', 18),
		(129, '2790-54', 'rua 35', '28', 14),
		(130, '2751-11', 'rua 64', '277', 18),
		(131, '2751-164', 'rua 9', '233', 18),
		(132, '2695-311', 'rua 28', '38', 16),
		(133, '1685-109', 'rua 90', '264', 15),
		(134, '2720-463', 'rua 69', '16', 19),
		(135, '2610-163', 'rua 20', '129', 19),
		(136, '2730-76', 'rua 95', '325', 14),
		(137, '2790-200', 'rua 50', '36', 14),
		(138, '2765-282', 'rua 28', '32', 18),
		(139, '2646-242', 'rua 52', '161', 18),
		(140, '2695-11', 'rua 62', '91', 16),
		(141, '5201-257', 'rua 4', '84', 20),
		(142, '5301-437', 'rua 27', '119', 21),
		(143, '5200-373', 'rua 78', '232', 20),
		(144, '5201-127', 'rua 57', '297', 20),
		(145, '5301-302', 'rua 25', '152', 21),
		(146, '5301-475', 'rua 19', '291', 21),
		(147, '5300-269', 'rua 21', '178', 21),
		(148, '5301-496', 'rua 92', '290', 21),
		(149, '5301-199', 'rua 44', '80', 21),
		(150, '5200-191', 'rua 43', '328', 20),
		(151, '3045-309', 'rua 43', '179', 22),
		(152, '3025-162', 'rua 42', '144', 22),
		(153, '3221-99', 'rua 83', '295', 23),
		(154, '3221-428', 'rua 26', '223', 23),
		(155, '3221-38', 'rua 24', '15', 23),
		(156, '8500-497', 'rua 68', '201', 24),
		(157, '8500-175', 'rua 66', '171', 24),
		(158, '4970-10', 'rua 56', '10', 25)
;

INSERT INTO funcionario
	(id_func,nome,nif,horario_trabalho,funcao,func_morada)
	VALUES
		(1, 'Vitória Machado', 176607412, '6:00-12:00,13:00-15:00', 'arrumação,biblitecario', 56),
		(2, 'Raquel Nunes', 121393393, '15:00-19:00,20:00-24:00', 'arrumação,biblitecario', 134),
		(3, 'Vitória Matins', 345007269, '11:00-13:00,14:00-19:00', 'limpeza', 69),
		(4, 'Alícia Machado', 375198129, '11:00-13:00,14:00-19:00', 'limpeza', 147),
		(5, 'Constança Durães', 365029496, '15:00-19:00,20:00-24:00', 'limpeza,bibliotecario', 104),
		(6, 'Sara Soares', 173798056, '6:00-12:00,13:00-15:00', 'limpeza', 17),
		(7, 'Isabel Matins', 173416411, '15:00-19:00,20:00-24:00', 'arrumação,biblitecario', 102),
		(8, 'Teresa Vieira', 372841248, '11:00-13:00,14:00-19:00', 'limpeza', 136)
	;

INSERT INTO utilizador
	(nif,nome,util_morada,telemovel,telefone,email,data_nascimento)
	VALUES
		(185377055, 'Samuel Magalhães', 112, 927006702, 290082713, 'samuelmagalhães@mail.com', '1975-9-2'),
		(329209886, 'Guilherme Sousa', 10, 955098649, 277207645, 'guilhermesousa@mail.com', '1971-10-7'),
		(330087285, 'Eva Pinto', 20, 987259202, 264051999, 'evapinto@mail.com', '1965-10-19'),
		(198812059, 'Ana Torres', 35, 954898173, NULL, 'anatorres@mail.com', '1989-6-21'),
		(240858717, 'Nunu Frade', 108, 940747035, NULL, 'nunufrade@mail.com', '1950-4-25'),
		(216153876, 'Bianca Amorim', 132, 903744724, 286280078, 'biancaamorim@mail.com', '1987-5-1'),
		(246558960, 'Xavier Barbosa', 9, 932868195, 288962190, 'xavierbarbosa@mail.com', '1971-11-22'),
		(325769654, 'Henrique Sousa', 118, 992083637, NULL, 'henriquesousa@mail.com', '1984-9-25'),
		(186962121, 'Tiago Soares', 113, 913316736, NULL, 'tiagosoares@mail.com', '1957-5-12'),
		(200732852, 'Tomás Barros', 131, 923824218, 201892008, 'tomásbarros@mail.com', '2005-3-4'),
		(203901574, 'Isabel Camelo', 155, 914801247, NULL, 'isabelcamelo@mail.com', '1985-7-16'),
		(109542704, 'Clara Aguiar', 57, 921637674, NULL, 'claraaguiar@mail.com', '1941-9-19'),
		(328516824, 'Alice Moutinho', 55, 930676615, 269581853, 'alicemoutinho@mail.com', '1985-1-21'),
		(353856516, 'Bianca Oliveira', 72, 982083806, NULL, 'biancaoliveira@mail.com', '1942-10-4'),
		(350765083, 'Marta Gama', 138, 965296420, 202838079, 'martagama@mail.com', '1984-6-20'),
		(216891140, 'Carlos Campos', 29, 926837760, 232062262, 'carloscampos@mail.com', '1970-5-19'),
		(246575695, 'Leonardo Monteiro', 148, 946795196, 276666385, 'leonardomonteiro@mail.com', '1975-7-20'),
		(159359463, 'Diana Costa', 129, 932597803, 259965732, 'dianacosta@mail.com', '1993-4-2'),
		(225971631, 'Madalena Gonçalves', 46, 926065417, 223771176, 'madalenagonçalves@mail.com', '1993-6-20'),
		(240187229, 'João Castelo Branco', 41, 911218601, 238344521, 'joãocastelo branco@mail.com', '1994-8-17'),
		(379931361, 'Isabel Gonçalves', 145, 926169313, NULL, 'isabelgonçalves@mail.com', '1977-6-26'),
		(192337123, 'Juliana Moreira', 27, 946113942, NULL, 'julianamoreira@mail.com', '1984-7-7'),
		(356014300, 'Rodrigo Campos', 70, 998273442, NULL, 'rodrigocampos@mail.com', '2008-6-18'),
		(384247656, 'Filipe Morais', 127, 943693264, NULL, 'filipemorais@mail.com', '1947-2-11'),
		(243160206, 'Carlota Almada', 88, 963411359, NULL, 'carlotaalmada@mail.com', '1972-3-6'),
		(162937983, 'David Teixeira', 128, 948417890, 237972185, 'davidteixeira@mail.com', '1999-4-5'),
		(205987354, 'José Nunes', 100, 920924453, NULL, 'josénunes@mail.com', '1960-11-21'),
		(191946443, 'Rui Rebelo', 78, 924947617, NULL, 'ruirebelo@mail.com', '1961-6-22'),
		(230116011, 'Luís Lima', 90, 943250881, NULL, 'luíslima@mail.com', '1992-4-2'),
		(133328435, 'Juliana Araújo', 13, 916513973, 269675244, 'julianaaraújo@mail.com', '1949-11-18'),
		(329130610, 'André Cabral', 101, 940687114, NULL, 'andrécabral@mail.com', '1948-8-5'),
		(239853085, 'Isabela Morais', 30, 957599269, NULL, 'isabelamorais@mail.com', '1986-2-24'),
		(193624829, 'Gabriela Campos', 83, 942543466, NULL, 'gabrielacampos@mail.com', '1941-4-10'),
		(331776339, 'Vicente Matos', 124, 975115102, 280030896, 'vicentematos@mail.com', '2007-9-18'),
		(180545224, 'Rafael Lima', 38, 946359382, NULL, 'rafaellima@mail.com', '2001-12-25'),
		(102665980, 'Mateus Dantas', 137, 901548110, NULL, 'mateusdantas@mail.com', '1973-12-11'),
		(230447059, 'Vitória Barros', 152, 993921684, NULL, 'vitóriabarros@mail.com', '1959-5-6'),
		(268486442, 'Diego Gonçalves', 14, 954449333, NULL, 'diegogonçalves@mail.com', '1958-2-24'),
		(294456853, 'Daniel Nunes', 110, 980035162, 204394695, 'danielnunes@mail.com', '1946-4-8'),
		(219211823, 'Rafaela Nunes', 85, 927690249, NULL, 'rafaelanunes@mail.com', '1951-12-15'),
		(339923277, 'Valentina Barros', 21, 936033188, 280428668, 'valentinabarros@mail.com', '1994-4-2'),
		(341987378, 'Alexandre Matos', 43, 939450638, 277963515, 'alexandrematos@mail.com', '1997-8-1'),
		(163901303, 'Diana Torres', 74, 911089524, 223334074, 'dianatorres@mail.com', '1966-8-4'),
		(192945160, 'Ariana Lobo', 24, 943573162, NULL, 'arianalobo@mail.com', '1967-1-28'),
		(123063115, 'Joana Pais', 86, 980810911, 259775063, 'joanapais@mail.com', '1997-7-3'),
		(107755652, 'Benedita Lima', 47, 903185391, 235455138, 'beneditalima@mail.com', '1991-5-12'),
		(133978530, 'Madalena Ramos', 28, 938479595, 245656855, 'madalenaramos@mail.com', '1945-6-13'),
		(129969064, 'David Aguiar', 34, 959363129, 291516883, 'davidaguiar@mail.com', '1953-7-18'),
		(151988314, 'Sofia Costa', 71, 903567346, 270534019, 'sofiacosta@mail.com', '1971-2-7'),
		(363400837, 'Matias Bairros', 73, 982539170, NULL, 'matiasbairros@mail.com', '1987-3-6'),
		(372248913, 'Clara Macedo', 60, 983381493, NULL, 'claramacedo@mail.com', '1970-12-15'),
		(242184886, 'Elisa Ramos', 65, 930170107, 252169272, 'elisaramos@mail.com', '1999-11-16'),
		(102381502, 'Elisa Vilas-Boas', 5, 956827785, NULL, 'elisavilas-boas@mail.com', '1982-6-19'),
		(205683603, 'Luana Ferreira', 23, 956633855, 234894893, 'luanaferreira@mail.com', '1952-11-23'),
		(185527720, 'Mafalda Ramos', 18, 990445831, NULL, 'mafaldaramos@mail.com', '1962-6-16'),
		(315945138, 'Carolina Castelo Branco', 16, 955569428, NULL, 'carolinacastelo branco@mail.com', '1953-2-28'),
		(132770971, 'Inês Barbosa', 64, 908975777, 269307101, 'inêsbarbosa@mail.com', '1976-2-24'),
		(150552528, 'Santiago Gonçalves', 49, 940878853, 247290499, 'santiagogonçalves@mail.com', '1959-5-7'),
		(115590124, 'Ana Azevedo', 89, 993649702, NULL, 'anaazevedo@mail.com', '2005-4-9'),
		(350018831, 'Mafalda Almada', 80, 989378177, NULL, 'mafaldaalmada@mail.com', '1957-10-25'),
		(133809434, 'Juliana Moutinho', 66, 945887351, NULL, 'julianamoutinho@mail.com', '1949-9-3'),
		(379530029, 'Isaac Faria', 140, 942991025, 222692042, 'isaacfaria@mail.com', '1943-6-9'),
		(360978113, 'Leandro Matos', 75, 939113549, 263805050, 'leandromatos@mail.com', '1992-3-21'),
		(108991846, 'Beatriz Andrade', 51, 913514424, 225494448, 'beatrizandrade@mail.com', '1965-6-17'),
		(206693058, 'Guilherme Magalhães', 82, 954381375, 224639926, 'guilhermemagalhães@mail.com', '1963-8-23'),
		(223398184, 'Rita Antunes', 141, 990886600, 243739886, 'ritaantunes@mail.com', '2005-6-26'),
		(223545852, 'Xavier Guedes', 76, 994856642, 278308689, 'xavierguedes@mail.com', '1941-4-25'),
		(237384893, 'Daniel Moutinho', 87, 957581373, 262146460, 'danielmoutinho@mail.com', '1994-10-21'),
		(275218951, 'Martim Almeida', 25, 940471062, 209398348, 'martimalmeida@mail.com', '1963-2-4'),
		(367806810, 'João Soares', 95, 946854925, 267750085, 'joãosoares@mail.com', '1973-6-12'),
		(137784062, 'Juliana Dinis', 8, 901549258, 267088258, 'julianadinis@mail.com', '1997-12-3'),
		(163040239, 'Ema Castelo Branco', 1, 928187466, 282909971, 'emacastelo branco@mail.com', '1986-4-4'),
		(117623241, 'Maria Lima', 6, 904768778, NULL, 'marialima@mail.com', '1952-1-24'),
		(241560214, 'Francisco Aguiar', 98, 961343597, NULL, 'franciscoaguiar@mail.com', '1967-10-9'),
		(256215550, 'Vasco Silva', 19, 940723769, NULL, 'vascosilva@mail.com', '1960-9-19'),
		(282737538, 'Catarina Morais', 157, 934598237, 215102949, 'catarinamorais@mail.com', '1946-5-12'),
		(148514229, 'Letícia Machado', 126, 952645039, 221106880, 'letíciamachado@mail.com', '2004-9-26'),
		(361171294, 'José Ramos', 94, 916891278, NULL, 'joséramos@mail.com', '1999-10-6'),
		(344724699, 'Margarida Durães', 117, 931273708, 273350094, 'margaridadurães@mail.com', '1940-11-2'),
		(186831947, 'Isabela Moreira', 151, 912068580, 221031625, 'isabelamoreira@mail.com', '1957-3-6'),
		(142630869, 'Teresa Ramos', 144, 937786676, NULL, 'teresaramos@mail.com', '1982-5-7'),
		(215915710, 'Mafalda Esteves', 133, 945217532, 213741760, 'mafaldaesteves@mail.com', '1971-5-28'),
		(150474041, 'Laura Macedo', 68, 921875984, NULL, 'lauramacedo@mail.com', '1983-1-22'),
		(228126114, 'Luís Barbosa', 37, 932136963, NULL, 'luísbarbosa@mail.com', '1983-2-13'),
		(365228360, 'Rafaela Moreira', 50, 956552252, 288038408, 'rafaelamoreira@mail.com', '2006-8-15'),
		(348958772, 'Vitória Novais', 67, 936533874, NULL, 'vitórianovais@mail.com', '1963-6-17'),
		(332365514, 'António Ramos', 92, 907091926, NULL, 'antónioramos@mail.com', '1962-2-7'),
		(213744947, 'Filipa Braga', 122, 930311244, 232009158, 'filipabraga@mail.com', '1985-1-18'),
		(287912198, 'Nunu Vilas-Boas', 150, 902434667, 250350393, 'nunuvilas-boas@mail.com', '1952-5-9'),
		(236596855, 'Vicente Costa', 121, 944667730, 273354919, 'vicentecosta@mail.com', '1965-4-23'),
		(375549507, 'Ariana Fernades', 115, 963977456, 211021538, 'arianafernades@mail.com', '1948-4-6'),
		(294916500, 'Constança Ramos', 22, 928923343, 210979397, 'constançaramos@mail.com', '1962-1-3'),
		(330786408, 'Camila Guerra', 33, 912579577, NULL, 'camilaguerra@mail.com', '2006-3-21'),
		(379109291, 'Bruna Ramos', 116, 952993447, NULL, 'brunaramos@mail.com', '1964-7-21'),
		(161145778, 'Isabela Almeida', 125, 908266759, 269060023, 'isabelaalmeida@mail.com', '2008-9-25'),
		(373239805, 'Daniel Torres', 142, 932464715, NULL, 'danieltorres@mail.com', '1949-7-14'),
		(241069319, 'Dinis Gonçalves', 119, 905796950, 247232655, 'dinisgonçalves@mail.com', '1952-12-10'),
		(383334247, 'Benedita Braga', 84, 959907240, 225726116, 'beneditabraga@mail.com', '1953-2-24'),
		(109424511, 'Vitória Guedes', 135, 997125291, 259123074, 'vitóriaguedes@mail.com', '2001-2-28'),
		(352052174, 'Santiago Frade', 62, 952046070, 239224563, 'santiagofrade@mail.com', '2003-5-17'),
		(111284682, 'Nunu Monteiro', 44, 900879325, NULL, 'nunumonteiro@mail.com', '1996-4-14'),
		(188533288, 'David Faria', 58, 986278384, 273642769, 'davidfaria@mail.com', '1996-2-2'),
		(191073788, 'Samuel Moutinho', 52, 913961015, 270589419, 'samuelmoutinho@mail.com', '1952-3-10'),
		(213604134, 'Eva Oliveira', 149, 929837175, NULL, 'evaoliveira@mail.com', '1988-8-13'),
		(194210307, 'Bernardo Sousa', 31, 974971797, NULL, 'bernardosousa@mail.com', '1941-4-20'),
		(374513906, 'Rafaela Oliveira', 53, 979462942, NULL, 'rafaelaoliveira@mail.com', '1993-2-7'),
		(263678191, 'Daniela Dinis', 11, 968782080, 286055467, 'danieladinis@mail.com', '1990-7-17'),
		(363285397, 'Filipe Soares', 130, 964829520, 287930816, 'filipesoares@mail.com', '1951-12-12'),
		(314635909, 'Constança Aragão', 120, 921668385, 239664199, 'constançaaragão@mail.com', '1983-6-1'),
		(134704538, 'Sofia Teixeira', 91, 916599495, 283502629, 'sofiateixeira@mail.com', '1981-3-20'),
		(131741244, 'Lucas Abreu', 111, 943763113, 211055903, 'lucasabreu@mail.com', '1996-1-26'),
		(141713929, 'Ricardo Teixeira', 63, 919877900, NULL, 'ricardoteixeira@mail.com', '1987-4-12'),
		(310525120, 'Leandro Moutinho', 12, 991112637, 262262685, 'leandromoutinho@mail.com', '1978-12-15'),
		(371517610, 'Teresa Vieira', 99, 946899417, 243143700, 'teresavieira@mail.com', '1999-6-20'),
		(358521722, 'Nunu Pinto', 109, 901516857, 277904182, 'nunupinto@mail.com', '1953-8-21'),
		(272211630, 'Letícia Durães', 106, 909781772, NULL, 'letíciadurães@mail.com', '1963-6-9'),
		(244605971, 'Mateus Campos', 48, 992865459, NULL, 'mateuscampos@mail.com', '1990-1-13'),
		(146598861, 'Miguel Soares', 54, 928914155, 239986199, 'miguelsoares@mail.com', '2000-6-21'),
		(365588428, 'Gonçalo Azevedo', 93, 946756223, 229560001, 'gonçaloazevedo@mail.com', '1946-5-11'),
		(371603165, 'Bruna Abreu', 32, 900929265, NULL, 'brunaabreu@mail.com', '1998-1-13'),
		(365360921, 'Samuel Magalhães', 2, 994649759, NULL, 'samuelmagalhães@mail.com', '1944-1-18'),
		(166873059, 'Eduardo Almada', 61, 942518798, NULL, 'eduardoalmada@mail.com', '1975-4-28'),
		(152577589, 'Valentina Gonçalves', 96, 928477050, 286471807, 'valentinagonçalves@mail.com', '1975-11-5'),
		(394260614, 'Lucas Almada', 158, 939361939, 207189956, 'lucasalmada@mail.com', '1996-7-9'),
		(133231622, 'Joana Fernades', 139, 907089784, 297843675, 'joanafernades@mail.com', '2006-3-19'),
		(121200429, 'Carolina Fernades', 114, 910221188, NULL, 'carolinafernades@mail.com', '2004-2-20'),
		(381265519, 'Matias Aragão', 45, 910802347, 213845791, 'matiasaragão@mail.com', '1977-11-15'),
		(130199293, 'Marta Monteiro', 107, 980334305, NULL, 'martamonteiro@mail.com', '1958-3-28'),
		(341317873, 'Mara Frade', 123, 987233605, 271976078, 'marafrade@mail.com', '1977-3-13'),
		(171250949, 'Luís Morais', 40, 910717467, 280165062, 'luísmorais@mail.com', '1982-4-12'),
		(120591864, 'Benjamim Andrade', 103, 986170039, NULL, 'benjamimandrade@mail.com', '1956-8-10'),
		(152371021, 'Carlos Aguiar', 77, 994172592, 246449711, 'carlosaguiar@mail.com', '1956-12-3'),
		(198396922, 'Vicente Durães', 15, 925596238, 259408303, 'vicentedurães@mail.com', '1984-9-6'),
		(277912986, 'Melissa Novais', 146, 962903566, 207658981, 'melissanovais@mail.com', '2007-12-13'),
		(141191820, 'Isabel Lopes', 4, 927187656, NULL, 'isabellopes@mail.com', '1984-10-4'),
		(213265496, 'Isabela Dias', 105, 905195340, NULL, 'isabeladias@mail.com', '1943-5-11'),
		(131537841, 'Pedro Barros', 97, 908944816, 297409598, 'pedrobarros@mail.com', '1955-4-18'),
		(239933374, 'Matias Almeida', 59, 928177398, NULL, 'matiasalmeida@mail.com', '1944-5-26'),
		(249155825, 'Bruna Barros', 156, 906504004, 214391588, 'brunabarros@mail.com', '2005-5-26'),
		(202674760, 'Salvador Cabral', 26, 955972456, NULL, 'salvadorcabral@mail.com', '1977-11-21'),
		(120529395, 'Isaac Moutinho', 143, 938950636, NULL, 'isaacmoutinho@mail.com', '1954-8-10'),
		(275262560, 'Jéssica Barros', 81, 983344701, NULL, 'jéssicabarros@mail.com', '1991-12-22'),
		(350839432, 'Salvador Alencar', 154, 955782026, NULL, 'salvadoralencar@mail.com', '1980-6-8'),
		(324536911, 'Afonso Alves', 153, 982644271, 213147288, 'afonsoalves@mail.com', '1970-4-12'),
		(397977574, 'Simão Rebelo', 42, 918997630, 297133698, 'simãorebelo@mail.com', '1946-7-10'),
		(301985943, 'Bruno Almada', 39, 946071379, NULL, 'brunoalmada@mail.com', '1966-3-26'),
		(213859880, 'Bruna Guedes', 7, 911994052, 256539201, 'brunaguedes@mail.com', '1951-1-24'),
		(252514191, 'Matias Fernades', 36, 950686052, NULL, 'matiasfernades@mail.com', '2006-3-24'),
		(116438184, 'Bruna Soares', 3, 944975781, NULL, 'brunasoares@mail.com', '1986-11-8'),
		(187519716, 'Filipa Oliveira', 79, 916903923, 218012209, 'filipaoliveira@mail.com', '2000-1-19')
;

DELETE FROM jornal_magazine;

INSERT INTO jornal_magazine
	(id_jor_mag,nome,formato,jm_ling,frequencia,jm_pais)
	VALUES
		(1, 'A Bola', 'tabloide', 1, 'duas vezes por semana', 1),
		(2, 'Jornal de Notícias', 'berlinense', 1, 'diário', 1),
		(3, 'Record', 'tabloide', 1, 'diário', 1),
		(4, 'Público', 'berliner', 1, 'diário', 1),
		(5, 'O Jogo', 'berlinense', 1, 'diário', 1),
		(6, 'Diário de Notícias', 'berlinese', 1, 'diário', 1),
		(7, 'Correio da Manhã', 'tabloide', 1, 'diário', 1),
		(8, 'Caras', 'revista', 1, 'semanal', 1),
		(9, 'El País', 'tabloide', 3, 'diário', 2),
		(10, 'France Football', 'tabloide', 4, 'bi-semanal', 3),
		(11, 'Le Monde', 'tabloide', 4, 'diário', 3),
		(12, 'The Economist', 'revista', 2, 'semanal', 4),
		(13, 'PC Gamer', 'revista', 2, 'mensal', 4),
		(14, 'Daily Express', 'tabloide', 2, 'diário', 4),
		(15, 'Daily Mail', 'tabloide', 2, 'diário', 4),
		(16, 'Financial Times', 'standard', 2, 'diário', 4),
		(17, 'The Sun', 'tabloide', 2, 'diário', 4),
		(18, 'Forbes', 'revista', 2, 'quinzenal', 5),
		(19, 'Vogue', 'revista', 2, 'mensal', 5),
		(20, 'USA Today', 'padrão', 2, 'diário (exceto fim de semana)', 5),
		(21, 'The Wall Street Journal', 'standard', 2, 'diário', 5),
		(22, 'The New York Times', 'standard', 2, 'semanal', 5),
        (23, 'The Globe', 'tabloide', 2, 'semanal', 5)
;

-- SELECT * FROM jornal_magazine;

INSERT INTO inventario_jornal_magazine
	(id_inv_jm,dia_lancamento,id_jm)
	VALUES
		(0, '2016-5-9', 19),
		(1, '2016-5-27', 19),
		(2, '2016-6-15', 19),
		(3, '2016-7-3', 19),
		(4, '2016-7-21', 19),
		(5, '2016-7-27', 1),
		(6, '2016-8-9', 19),
		(7, '2016-8-14', 1),
		(8, '2016-8-27', 15),
		(9, '2016-8-27', 19),
		(10, '2016-9-1', 1),
		(11, '2016-9-10', 15),
		(12, '2016-9-15', 19),
		(13, '2016-9-18', 1),
		(14, '2016-9-23', 15),
		(15, '2016-10-3', 19),
		(16, '2016-10-5', 1),
		(17, '2016-10-6', 15),
		(18, '2016-10-8', 13),
		(19, '2016-10-19', 15),
		(20, '2016-10-21', 19),
		(21, '2016-10-22', 1),
		(22, '2016-11-2', 15),
		(23, '2016-11-3', 13),
		(24, '2016-11-9', 1),
		(25, '2016-11-9', 19),
		(26, '2016-11-15', 15),
		(27, '2016-11-26', 1),
		(28, '2016-11-27', 19),
		(29, '2016-11-28', 13),
		(30, '2016-11-28', 15),
		(31, '2016-12-9', 22),
		(32, '2016-12-11', 15),
		(33, '2016-12-13', 1),
		(34, '2016-12-15', 19),
		(35, '2016-12-17', 22),
		(36, '2016-12-23', 13),
		(37, '2016-12-24', 15),
		(38, '2016-12-25', 22),
		(39, '2016-12-30', 1),
		(40, '2017-1-3', 19),
		(41, '2017-1-3', 22),
		(42, '2017-1-7', 15),
		(43, '2017-1-11', 22),
		(44, '2017-1-17', 1),
		(45, '2017-1-18', 13),
		(46, '2017-1-19', 22),
		(47, '2017-1-20', 15),
		(48, '2017-1-21', 19),
		(49, '2017-1-27', 22),
		(50, '2017-2-3', 15),
		(51, '2017-2-4', 1),
		(52, '2017-2-5', 22),
		(53, '2017-2-9', 19),
		(54, '2017-2-13', 13),
		(55, '2017-2-13', 22),
		(56, '2017-2-16', 15),
		(57, '2017-2-21', 1),
		(58, '2017-2-21', 22),
		(59, '2017-2-27', 19),
		(60, '2017-3-1', 15),
		(61, '2017-3-1', 22),
		(62, '2017-3-9', 22),
		(63, '2017-3-10', 1),
		(64, '2017-3-10', 13),
		(65, '2017-3-14', 15),
		(66, '2017-3-17', 19),
		(67, '2017-3-17', 22),
		(68, '2017-3-25', 22),
		(69, '2017-3-27', 1),
		(70, '2017-3-27', 15),
		(71, '2017-4-3', 22),
		(72, '2017-4-5', 13),
		(73, '2017-4-5', 19),
		(74, '2017-4-10', 15),
		(75, '2017-4-11', 22),
		(76, '2017-4-14', 1),
		(77, '2017-4-19', 22),
		(78, '2017-4-23', 15),
		(79, '2017-4-23', 19),
		(80, '2017-4-27', 22),
		(81, '2017-4-30', 13),
		(82, '2017-5-1', 1),
		(83, '2017-5-5', 22),
		(84, '2017-5-6', 15),
		(85, '2017-5-11', 19),
		(86, '2017-5-13', 22),
		(87, '2017-5-18', 1),
		(88, '2017-5-19', 15),
		(89, '2017-5-21', 22),
		(90, '2017-5-25', 13),
		(91, '2017-5-29', 19),
		(92, '2017-5-29', 22),
		(93, '2017-6-2', 15),
		(94, '2017-6-5', 1),
		(95, '2017-6-7', 22),
		(96, '2017-6-15', 15),
		(97, '2017-6-15', 22),
		(98, '2017-6-17', 19),
		(99, '2017-6-20', 13),
		(100, '2017-6-22', 1),
		(101, '2017-6-23', 22),
		(102, '2017-6-28', 15),
		(103, '2017-7-1', 22),
		(104, '2017-7-5', 19),
		(105, '2017-7-9', 1),
		(106, '2017-7-9', 22),
		(107, '2017-7-11', 15),
		(108, '2017-7-15', 13),
		(109, '2017-7-17', 22),
		(110, '2017-7-23', 19),
		(111, '2017-7-24', 15),
		(112, '2017-7-25', 22),
		(113, '2017-7-26', 1),
		(114, '2017-8-3', 22),
		(115, '2017-8-7', 15),
		(116, '2017-8-10', 13),
		(117, '2017-8-11', 19),
		(118, '2017-8-11', 22),
		(119, '2017-8-13', 1),
		(120, '2017-8-19', 22),
		(121, '2017-8-20', 15),
		(122, '2017-8-27', 22),
		(123, '2017-8-29', 19),
		(124, '2017-8-30', 1),
		(125, '2017-9-3', 15),
		(126, '2017-9-5', 13),
		(127, '2017-9-5', 22),
		(128, '2017-9-13', 22),
		(129, '2017-9-16', 15),
		(130, '2017-9-17', 1),
		(131, '2017-9-17', 19),
		(132, '2017-9-21', 22),
		(133, '2017-9-29', 15),
		(134, '2017-9-29', 22),
		(135, '2017-9-30', 13),
		(136, '2017-10-2', 14),
		(137, '2017-10-4', 1),
		(138, '2017-10-5', 19),
		(139, '2017-10-7', 22),
		(140, '2017-10-12', 15),
		(141, '2017-10-13', 14),
		(142, '2017-10-15', 22),
		(143, '2017-10-21', 1),
		(144, '2017-10-23', 19),
		(145, '2017-10-23', 22),
		(146, '2017-10-24', 14),
		(147, '2017-10-25', 13),
		(148, '2017-10-25', 15),
		(149, '2017-11-1', 22),
		(150, '2017-11-5', 6),
		(151, '2017-11-5', 14),
		(152, '2017-11-8', 1),
		(153, '2017-11-8', 15),
		(154, '2017-11-9', 22),
		(155, '2017-11-11', 19),
		(156, '2017-11-16', 14),
		(157, '2017-11-17', 22),
		(158, '2017-11-20', 13),
		(159, '2017-11-21', 15),
		(160, '2017-11-25', 1),
		(161, '2017-11-25', 22),
		(162, '2017-11-27', 6),
		(163, '2017-11-27', 14),
		(164, '2017-11-29', 19),
		(165, '2017-12-3', 22),
		(166, '2017-12-4', 15),
		(167, '2017-12-8', 14),
		(168, '2017-12-11', 22),
		(169, '2017-12-12', 1),
		(170, '2017-12-15', 13),
		(171, '2017-12-17', 15),
		(172, '2017-12-17', 19),
		(173, '2017-12-19', 6),
		(174, '2017-12-19', 14),
		(175, '2017-12-19', 22),
		(176, '2017-12-27', 22),
		(177, '2017-12-29', 1),
		(178, '2017-12-30', 14),
		(179, '2017-12-30', 15),
		(180, '2018-1-5', 19),
		(181, '2018-1-5', 22),
		(182, '2018-1-10', 13),
		(183, '2018-1-11', 6),
		(184, '2018-1-11', 14),
		(185, '2018-1-13', 15),
		(186, '2018-1-13', 22),
		(187, '2018-1-16', 1),
		(188, '2018-1-21', 22),
		(189, '2018-1-22', 14),
		(190, '2018-1-23', 19),
		(191, '2018-1-26', 15),
		(192, '2018-1-29', 22),
		(193, '2018-2-3', 1),
		(194, '2018-2-3', 6),
		(195, '2018-2-3', 14),
		(196, '2018-2-5', 13),
		(197, '2018-2-7', 22),
		(198, '2018-2-9', 15),
		(199, '2018-2-11', 19),
		(200, '2018-2-14', 14),
		(201, '2018-2-15', 22),
		(202, '2018-2-20', 1),
		(203, '2018-2-22', 15),
		(204, '2018-2-23', 22),
		(205, '2018-2-25', 6),
		(206, '2018-2-25', 14),
		(207, '2018-3-1', 19),
		(208, '2018-3-2', 13),
		(209, '2018-3-3', 22),
		(210, '2018-3-7', 15),
		(211, '2018-3-8', 14),
		(212, '2018-3-9', 1),
		(213, '2018-3-11', 22),
		(214, '2018-3-19', 6),
		(215, '2018-3-19', 14),
		(216, '2018-3-19', 18),
		(217, '2018-3-19', 19),
		(218, '2018-3-19', 22),
		(219, '2018-3-20', 15),
		(220, '2018-3-22', 8),
		(221, '2018-3-26', 1),
		(222, '2018-3-27', 13),
		(223, '2018-3-27', 22),
		(224, '2018-3-30', 14),
		(225, '2018-4-3', 15),
		(226, '2018-4-5', 22),
		(227, '2018-4-7', 8),
		(228, '2018-4-7', 19),
		(229, '2018-4-11', 6),
		(230, '2018-4-11', 11),
		(231, '2018-4-11', 14),
		(232, '2018-4-11', 18),
		(233, '2018-4-13', 1),
		(234, '2018-4-13', 22),
		(235, '2018-4-16', 15),
		(236, '2018-4-21', 22),
		(237, '2018-4-22', 8),
		(238, '2018-4-22', 11),
		(239, '2018-4-22', 13),
		(240, '2018-4-22', 14),
		(241, '2018-4-25', 19),
		(242, '2018-4-29', 15),
		(243, '2018-4-29', 22),
		(244, '2018-4-30', 1),
		(245, '2018-5-3', 6),
		(246, '2018-5-3', 11),
		(247, '2018-5-3', 14),
		(248, '2018-5-3', 18),
		(249, '2018-5-7', 8),
		(250, '2018-5-7', 17),
		(251, '2018-5-7', 22),
		(252, '2018-5-12', 15),
		(253, '2018-5-13', 19),
		(254, '2018-5-14', 11),
		(255, '2018-5-14', 14),
		(256, '2018-5-15', 22),
		(257, '2018-5-17', 1),
		(258, '2018-5-17', 13),
		(259, '2018-5-22', 8),
		(260, '2018-5-23', 22),
		(261, '2018-5-25', 6),
		(262, '2018-5-25', 11),
		(263, '2018-5-25', 14),
		(264, '2018-5-25', 15),
		(265, '2018-5-25', 18),
		(266, '2018-6-1', 19),
		(267, '2018-6-1', 22),
		(268, '2018-6-4', 1),
		(269, '2018-6-5', 3),
		(270, '2018-6-5', 17),
		(271, '2018-6-6', 11),
		(272, '2018-6-6', 14),
		(273, '2018-6-7', 8),
		(274, '2018-6-8', 15),
		(275, '2018-6-9', 22),
		(276, '2018-6-12', 13),
		(277, '2018-6-17', 6),
		(278, '2018-6-17', 11),
		(279, '2018-6-17', 14),
		(280, '2018-6-17', 18),
		(281, '2018-6-17', 22),
		(282, '2018-6-19', 19),
		(283, '2018-6-21', 1),
		(284, '2018-6-21', 15),
		(285, '2018-6-22', 8),
		(286, '2018-6-25', 22),
		(287, '2018-6-28', 11),
		(288, '2018-6-28', 14),
		(289, '2018-7-3', 3),
		(290, '2018-7-3', 17),
		(291, '2018-7-3', 22),
		(292, '2018-7-4', 15),
		(293, '2018-7-7', 8),
		(294, '2018-7-7', 13),
		(295, '2018-7-7', 19),
		(296, '2018-7-8', 1),
		(297, '2018-7-9', 6),
		(298, '2018-7-9', 11),
		(299, '2018-7-9', 14),
		(300, '2018-7-9', 18),
		(301, '2018-7-11', 22),
		(302, '2018-7-17', 15),
		(303, '2018-7-19', 22),
		(304, '2018-7-20', 11),
		(305, '2018-7-20', 14),
		(306, '2018-7-22', 8),
		(307, '2018-7-25', 1),
		(308, '2018-7-25', 19),
		(309, '2018-7-27', 22),
		(310, '2018-7-30', 15),
		(311, '2018-8-1', 3),
		(312, '2018-8-1', 6),
		(313, '2018-8-1', 11),
		(314, '2018-8-1', 14),
		(315, '2018-8-1', 17),
		(316, '2018-8-1', 18),
		(317, '2018-8-2', 13),
		(318, '2018-8-5', 22),
		(319, '2018-8-7', 8),
		(320, '2018-8-12', 1),
		(321, '2018-8-12', 11),
		(322, '2018-8-12', 14),
		(323, '2018-8-13', 15),
		(324, '2018-8-13', 19),
		(325, '2018-8-13', 22),
		(326, '2018-8-21', 22),
		(327, '2018-8-22', 8),
		(328, '2018-8-23', 6),
		(329, '2018-8-23', 11),
		(330, '2018-8-23', 14),
		(331, '2018-8-23', 18),
		(332, '2018-8-26', 15),
		(333, '2018-8-27', 13),
		(334, '2018-8-29', 1),
		(335, '2018-8-29', 3),
		(336, '2018-8-29', 17),
		(337, '2018-8-29', 22),
		(338, '2018-8-29', 23),
		(339, '2018-9-1', 19),
		(340, '2018-9-4', 11),
		(341, '2018-9-4', 14),
		(342, '2018-9-7', 8),
		(343, '2018-9-7', 22),
		(344, '2018-9-9', 15),
		(345, '2018-9-13', 23),
		(346, '2018-9-15', 6),
		(347, '2018-9-15', 11),
		(348, '2018-9-15', 14),
		(349, '2018-9-15', 18),
		(350, '2018-9-15', 22),
		(351, '2018-9-16', 1),
		(352, '2018-9-19', 19),
		(353, '2018-9-22', 8),
		(354, '2018-9-22', 13),
		(355, '2018-9-22', 15),
		(356, '2018-9-23', 22),
		(357, '2018-9-26', 11),
		(358, '2018-9-26', 14),
		(359, '2018-9-27', 3),
		(360, '2018-9-27', 17),
		(361, '2018-9-27', 23),
		(362, '2018-10-1', 22),
		(363, '2018-10-3', 1),
		(364, '2018-10-3', 12),
		(365, '2018-10-5', 15),
		(366, '2018-10-7', 6),
		(367, '2018-10-7', 8),
		(368, '2018-10-7', 11),
		(369, '2018-10-7', 14),
		(370, '2018-10-7', 18),
		(371, '2018-10-7', 19),
		(372, '2018-10-9', 22),
		(373, '2018-10-11', 23),
		(374, '2018-10-17', 13),
		(375, '2018-10-17', 22),
		(376, '2018-10-18', 11),
		(377, '2018-10-18', 14),
		(378, '2018-10-18', 15),
		(379, '2018-10-20', 1),
		(380, '2018-10-20', 12),
		(381, '2018-10-22', 8),
		(382, '2018-10-25', 3),
		(383, '2018-10-25', 10),
		(384, '2018-10-25', 17),
		(385, '2018-10-25', 19),
		(386, '2018-10-25', 22),
		(387, '2018-10-25', 23),
		(388, '2018-10-29', 6),
		(389, '2018-10-29', 11),
		(390, '2018-10-29', 14),
		(391, '2018-10-29', 18),
		(392, '2018-11-1', 15),
		(393, '2018-11-3', 22),
		(394, '2018-11-7', 1),
		(395, '2018-11-7', 8),
		(396, '2018-11-7', 12),
		(397, '2018-11-9', 23),
		(398, '2018-11-10', 11),
		(399, '2018-11-10', 14),
		(400, '2018-11-11', 22),
		(401, '2018-11-12', 13),
		(402, '2018-11-13', 19),
		(403, '2018-11-14', 15),
		(404, '2018-11-16', 2),
		(405, '2018-11-19', 10),
		(406, '2018-11-19', 22),
		(407, '2018-11-21', 6),
		(408, '2018-11-21', 11),
		(409, '2018-11-21', 14),
		(410, '2018-11-21', 18),
		(411, '2018-11-22', 8),
		(412, '2018-11-23', 2),
		(413, '2018-11-23', 3),
		(414, '2018-11-23', 17),
		(415, '2018-11-23', 23),
		(416, '2018-11-24', 1),
		(417, '2018-11-24', 12),
		(418, '2018-11-27', 15),
		(419, '2018-11-27', 22),
		(420, '2018-11-30', 2),
		(421, '2018-12-1', 19),
		(422, '2018-12-2', 11),
		(423, '2018-12-2', 14),
		(424, '2018-12-5', 22),
		(425, '2018-12-7', 2),
		(426, '2018-12-7', 8),
		(427, '2018-12-7', 13),
		(428, '2018-12-7', 23),
		(429, '2018-12-10', 15),
		(430, '2018-12-11', 1),
		(431, '2018-12-11', 12),
		(432, '2018-12-13', 6),
		(433, '2018-12-13', 10),
		(434, '2018-12-13', 11),
		(435, '2018-12-13', 14),
		(436, '2018-12-13', 18),
		(437, '2018-12-13', 22),
		(438, '2018-12-14', 2),
		(439, '2018-12-15', 4),
		(440, '2018-12-19', 19),
		(441, '2018-12-21', 2),
		(442, '2018-12-21', 3),
		(443, '2018-12-21', 17),
		(444, '2018-12-21', 22),
		(445, '2018-12-21', 23),
		(446, '2018-12-22', 8),
		(447, '2018-12-23', 15),
		(448, '2018-12-24', 11),
		(449, '2018-12-24', 14),
		(450, '2018-12-28', 1),
		(451, '2018-12-28', 2),
		(452, '2018-12-28', 12),
		(453, '2018-12-29', 22),
		(454, '2019-1-2', 13),
		(455, '2019-1-5', 2),
		(456, '2019-1-5', 6),
		(457, '2019-1-5', 11),
		(458, '2019-1-5', 14),
		(459, '2019-1-5', 18),
		(460, '2019-1-5', 23),
		(461, '2019-1-6', 15),
		(462, '2019-1-7', 8),
		(463, '2019-1-7', 10),
		(464, '2019-1-7', 19),
		(465, '2019-1-7', 22),
		(466, '2019-1-8', 4),
		(467, '2019-1-12', 2),
		(468, '2019-1-15', 1),
		(469, '2019-1-15', 12),
		(470, '2019-1-15', 22),
		(471, '2019-1-16', 11),
		(472, '2019-1-16', 14),
		(473, '2019-1-19', 2),
		(474, '2019-1-19', 3),
		(475, '2019-1-19', 15),
		(476, '2019-1-19', 17),
		(477, '2019-1-19', 23),
		(478, '2019-1-22', 8),
		(479, '2019-1-23', 22),
		(480, '2019-1-25', 19),
		(481, '2019-1-26', 2),
		(482, '2019-1-27', 6),
		(483, '2019-1-27', 11),
		(484, '2019-1-27', 13),
		(485, '2019-1-27', 14),
		(486, '2019-1-27', 18),
		(487, '2019-2-1', 4),
		(488, '2019-2-1', 10),
		(489, '2019-2-1', 21),
		(490, '2019-2-1', 22),
		(491, '2019-2-2', 1),
		(492, '2019-2-2', 12),
		(493, '2019-2-2', 15),
		(494, '2019-2-3', 2),
		(495, '2019-2-3', 23),
		(496, '2019-2-7', 8),
		(497, '2019-2-8', 11),
		(498, '2019-2-8', 14),
		(499, '2019-2-9', 22),
		(500, '2019-2-10', 2),
		(501, '2019-2-13', 19),
		(502, '2019-2-15', 15),
		(503, '2019-2-17', 2),
		(504, '2019-2-17', 3),
		(505, '2019-2-17', 17),
		(506, '2019-2-17', 21),
		(507, '2019-2-17', 22),
		(508, '2019-2-17', 23),
		(509, '2019-2-19', 1),
		(510, '2019-2-19', 6),
		(511, '2019-2-19', 11),
		(512, '2019-2-19', 12),
		(513, '2019-2-19', 14),
		(514, '2019-2-19', 18),
		(515, '2019-2-22', 8),
		(516, '2019-2-22', 13),
		(517, '2019-2-24', 2),
		(518, '2019-2-24', 4),
		(519, '2019-2-25', 10),
		(520, '2019-2-25', 22),
		(521, '2019-2-28', 15),
		(522, '2019-3-2', 11),
		(523, '2019-3-2', 14),
		(524, '2019-3-3', 2),
		(525, '2019-3-3', 19),
		(526, '2019-3-3', 23),
		(527, '2019-3-5', 21),
		(528, '2019-3-5', 22),
		(529, '2019-3-8', 1),
		(530, '2019-3-8', 12),
		(531, '2019-3-9', 8),
		(532, '2019-3-10', 2),
		(533, '2019-3-13', 6),
		(534, '2019-3-13', 11),
		(535, '2019-3-13', 14),
		(536, '2019-3-13', 15),
		(537, '2019-3-13', 18),
		(538, '2019-3-13', 22),
		(539, '2019-3-17', 2),
		(540, '2019-3-17', 3),
		(541, '2019-3-17', 16),
		(542, '2019-3-17', 17),
		(543, '2019-3-17', 23),
		(544, '2019-3-19', 4),
		(545, '2019-3-19', 13),
		(546, '2019-3-21', 10),
		(547, '2019-3-21', 19),
		(548, '2019-3-21', 21),
		(549, '2019-3-21', 22),
		(550, '2019-3-24', 2),
		(551, '2019-3-24', 8),
		(552, '2019-3-24', 11),
		(553, '2019-3-24', 14),
		(554, '2019-3-25', 1),
		(555, '2019-3-25', 12),
		(556, '2019-3-26', 15),
		(557, '2019-3-29', 22),
		(558, '2019-4-1', 2),
		(559, '2019-4-1', 23),
		(560, '2019-4-5', 6),
		(561, '2019-4-5', 11),
		(562, '2019-4-5', 14),
		(563, '2019-4-5', 18),
		(564, '2019-4-7', 21),
		(565, '2019-4-7', 22),
		(566, '2019-4-8', 2),
		(567, '2019-4-9', 8),
		(568, '2019-4-9', 15),
		(569, '2019-4-9', 19),
		(570, '2019-4-12', 1),
		(571, '2019-4-12', 4),
		(572, '2019-4-12', 12),
		(573, '2019-4-14', 13),
		(574, '2019-4-15', 2),
		(575, '2019-4-15', 3),
		(576, '2019-4-15', 10),
		(577, '2019-4-15', 16),
		(578, '2019-4-15', 17),
		(579, '2019-4-15', 22),
		(580, '2019-4-15', 23),
		(581, '2019-4-16', 11),
		(582, '2019-4-16', 14),
		(583, '2019-4-22', 2),
		(584, '2019-4-22', 15),
		(585, '2019-4-23', 21),
		(586, '2019-4-23', 22),
		(587, '2019-4-24', 8),
		(588, '2019-4-27', 6),
		(589, '2019-4-27', 11),
		(590, '2019-4-27', 14),
		(591, '2019-4-27', 18),
		(592, '2019-4-27', 19),
		(593, '2019-4-29', 1),
		(594, '2019-4-29', 2),
		(595, '2019-4-29', 12),
		(596, '2019-4-29', 23),
		(597, '2019-5-1', 22),
		(598, '2019-5-5', 4),
		(599, '2019-5-5', 15),
		(600, '2019-5-6', 2),
		(601, '2019-5-8', 11),
		(602, '2019-5-8', 14),
		(603, '2019-5-9', 8),
		(604, '2019-5-9', 10),
		(605, '2019-5-9', 13),
		(606, '2019-5-9', 21),
		(607, '2019-5-9', 22),
		(608, '2019-5-13', 2),
		(609, '2019-5-13', 3),
		(610, '2019-5-13', 16),
		(611, '2019-5-13', 17),
		(612, '2019-5-13', 23),
		(613, '2019-5-15', 19),
		(614, '2019-5-16', 1),
		(615, '2019-5-16', 12),
		(616, '2019-5-17', 22),
		(617, '2019-5-18', 15),
		(618, '2019-5-19', 6),
		(619, '2019-5-19', 11),
		(620, '2019-5-19', 14),
		(621, '2019-5-19', 18),
		(622, '2019-5-20', 2),
		(623, '2019-5-24', 8),
		(624, '2019-5-25', 5),
		(625, '2019-5-25', 21),
		(626, '2019-5-25', 22),
		(627, '2019-5-27', 2),
		(628, '2019-5-27', 23),
		(629, '2019-5-28', 4),
		(630, '2019-5-30', 11),
		(631, '2019-5-30', 14),
		(632, '2019-6-1', 15),
		(633, '2019-6-3', 1),
		(634, '2019-6-3', 5),
		(635, '2019-6-3', 10),
		(636, '2019-6-3', 12),
		(637, '2019-6-3', 19),
		(638, '2019-6-3', 22),
		(639, '2019-6-4', 2),
		(640, '2019-6-4', 13),
		(641, '2019-6-9', 8),
		(642, '2019-6-11', 2),
		(643, '2019-6-11', 3),
		(644, '2019-6-11', 5),
		(645, '2019-6-11', 6),
		(646, '2019-6-11', 11),
		(647, '2019-6-11', 14),
		(648, '2019-6-11', 16),
		(649, '2019-6-11', 17),
		(650, '2019-6-11', 18),
		(651, '2019-6-11', 21),
		(652, '2019-6-11', 22),
		(653, '2019-6-11', 23),
		(654, '2019-6-14', 15),
		(655, '2019-6-18', 2),
		(656, '2019-6-19', 5),
		(657, '2019-6-19', 22),
		(658, '2019-6-20', 1),
		(659, '2019-6-20', 12),
		(660, '2019-6-21', 4),
		(661, '2019-6-21', 19),
		(662, '2019-6-22', 11),
		(663, '2019-6-22', 14),
		(664, '2019-6-24', 8),
		(665, '2019-6-25', 2),
		(666, '2019-6-25', 23),
		(667, '2019-6-26', 9),
		(668, '2019-6-27', 5),
		(669, '2019-6-27', 10),
		(670, '2019-6-27', 15),
		(671, '2019-6-27', 21),
		(672, '2019-6-27', 22),
		(673, '2019-6-29', 13),
		(674, '2019-7-2', 2),
		(675, '2019-7-3', 6),
		(676, '2019-7-3', 11),
		(677, '2019-7-3', 14),
		(678, '2019-7-3', 18),
		(679, '2019-7-5', 5),
		(680, '2019-7-5', 22),
		(681, '2019-7-7', 1),
		(682, '2019-7-7', 12),
		(683, '2019-7-9', 2),
		(684, '2019-7-9', 3),
		(685, '2019-7-9', 8),
		(686, '2019-7-9', 16),
		(687, '2019-7-9', 17),
		(688, '2019-7-9', 19),
		(689, '2019-7-9', 23),
		(690, '2019-7-10', 15),
		(691, '2019-7-13', 5),
		(692, '2019-7-13', 21),
		(693, '2019-7-13', 22),
		(694, '2019-7-14', 4),
		(695, '2019-7-14', 11),
		(696, '2019-7-14', 14),
		(697, '2019-7-16', 2),
		(698, '2019-7-21', 5),
		(699, '2019-7-21', 10),
		(700, '2019-7-21', 22),
		(701, '2019-7-23', 2),
		(702, '2019-7-23', 15),
		(703, '2019-7-23', 23),
		(704, '2019-7-24', 1),
		(705, '2019-7-24', 8),
		(706, '2019-7-24', 12),
		(707, '2019-7-24', 13),
		(708, '2019-7-25', 6),
		(709, '2019-7-25', 9),
		(710, '2019-7-25', 11),
		(711, '2019-7-25', 14),
		(712, '2019-7-25', 18),
		(713, '2019-7-27', 19),
		(714, '2019-7-29', 5),
		(715, '2019-7-29', 21),
		(716, '2019-7-29', 22),
		(717, '2019-7-30', 2),
		(718, '2019-8-6', 7),
		(719, '2019-8-6', 11),
		(720, '2019-8-6', 14),
		(721, '2019-8-6', 15),
		(722, '2019-8-7', 2),
		(723, '2019-8-7', 3),
		(724, '2019-8-7', 4),
		(725, '2019-8-7', 5),
		(726, '2019-8-7', 16),
		(727, '2019-8-7', 17),
		(728, '2019-8-7', 22),
		(729, '2019-8-7', 23),
		(730, '2019-8-9', 8),
		(731, '2019-8-11', 1),
		(732, '2019-8-11', 12),
		(733, '2019-8-14', 2),
		(734, '2019-8-15', 5),
		(735, '2019-8-15', 10),
		(736, '2019-8-15', 19),
		(737, '2019-8-15', 21),
		(738, '2019-8-15', 22),
		(739, '2019-8-17', 6),
		(740, '2019-8-17', 7),
		(741, '2019-8-17', 11),
		(742, '2019-8-17', 14),
		(743, '2019-8-17', 18),
		(744, '2019-8-19', 13),
		(745, '2019-8-19', 15),
		(746, '2019-8-21', 2),
		(747, '2019-8-21', 23),
		(748, '2019-8-23', 5),
		(749, '2019-8-23', 22),
		(750, '2019-8-24', 8),
		(751, '2019-8-24', 9),
		(752, '2019-8-28', 1),
		(753, '2019-8-28', 2),
		(754, '2019-8-28', 7),
		(755, '2019-8-28', 11),
		(756, '2019-8-28', 12),
		(757, '2019-8-28', 14),
		(758, '2019-8-30', 4),
		(759, '2019-9-1', 5),
		(760, '2019-9-1', 21),
		(761, '2019-9-1', 22),
		(762, '2019-9-2', 15),
		(763, '2019-9-3', 19),
		(764, '2019-9-5', 2),
		(765, '2019-9-5', 3),
		(766, '2019-9-5', 16),
		(767, '2019-9-5', 17),
		(768, '2019-9-5', 23),
		(769, '2019-9-9', 5),
		(770, '2019-9-9', 6),
		(771, '2019-9-9', 7),
		(772, '2019-9-9', 8),
		(773, '2019-9-9', 10),
		(774, '2019-9-9', 11),
		(775, '2019-9-9', 14),
		(776, '2019-9-9', 18),
		(777, '2019-9-9', 22),
		(778, '2019-9-12', 2),
		(779, '2019-9-14', 13),
		(780, '2019-9-15', 1),
		(781, '2019-9-15', 12),
		(782, '2019-9-15', 15),
		(783, '2019-9-17', 5),
		(784, '2019-9-17', 21),
		(785, '2019-9-17', 22),
		(786, '2019-9-19', 2),
		(787, '2019-9-19', 23),
		(788, '2019-9-20', 7),
		(789, '2019-9-20', 11),
		(790, '2019-9-20', 14),
		(791, '2019-9-21', 19),
		(792, '2019-9-23', 4),
		(793, '2019-9-23', 9),
		(794, '2019-9-24', 8),
		(795, '2019-9-25', 5),
		(796, '2019-9-25', 22),
		(797, '2019-9-26', 2),
		(798, '2019-9-28', 15),
		(799, '2019-10-1', 6),
		(800, '2019-10-1', 7),
		(801, '2019-10-1', 11),
		(802, '2019-10-1', 14),
		(803, '2019-10-1', 18),
		(804, '2019-10-2', 1),
		(805, '2019-10-2', 12),
		(806, '2019-10-3', 2),
		(807, '2019-10-3', 3),
		(808, '2019-10-3', 5),
		(809, '2019-10-3', 10),
		(810, '2019-10-3', 16),
		(811, '2019-10-3', 17),
		(812, '2019-10-3', 21),
		(813, '2019-10-3', 22),
		(814, '2019-10-3', 23),
		(815, '2019-10-9', 8),
		(816, '2019-10-9', 13),
		(817, '2019-10-9', 19),
		(818, '2019-10-10', 2),
		(819, '2019-10-11', 5),
		(820, '2019-10-11', 15),
		(821, '2019-10-11', 22),
		(822, '2019-10-12', 7),
		(823, '2019-10-12', 11),
		(824, '2019-10-12', 14),
		(825, '2019-10-16', 4),
		(826, '2019-10-17', 2),
		(827, '2019-10-17', 23),
		(828, '2019-10-19', 1),
		(829, '2019-10-19', 5),
		(830, '2019-10-19', 12),
		(831, '2019-10-19', 21),
		(832, '2019-10-19', 22),
		(833, '2019-10-22', 9),
		(834, '2019-10-23', 6),
		(835, '2019-10-23', 7),
		(836, '2019-10-23', 11),
		(837, '2019-10-23', 14),
		(838, '2019-10-23', 18),
		(839, '2019-10-24', 2),
		(840, '2019-10-24', 8),
		(841, '2019-10-24', 15),
		(842, '2019-10-27', 5),
		(843, '2019-10-27', 10),
		(844, '2019-10-27', 19),
		(845, '2019-10-27', 22),
		(846, '2019-10-29', 20),
		(847, '2019-11-1', 2),
		(848, '2019-11-1', 3),
		(849, '2019-11-1', 16),
		(850, '2019-11-1', 17),
		(851, '2019-11-1', 23),
		(852, '2019-11-4', 7),
		(853, '2019-11-4', 11),
		(854, '2019-11-4', 13),
		(855, '2019-11-4', 14),
		(856, '2019-11-5', 5),
		(857, '2019-11-5', 21),
		(858, '2019-11-5', 22),
		(859, '2019-11-6', 1),
		(860, '2019-11-6', 12),
		(861, '2019-11-7', 15),
		(862, '2019-11-8', 2),
		(863, '2019-11-9', 4),
		(864, '2019-11-9', 8),
		(865, '2019-11-9', 20),
		(866, '2019-11-13', 5),
		(867, '2019-11-13', 22),
		(868, '2019-11-15', 2),
		(869, '2019-11-15', 6),
		(870, '2019-11-15', 7),
		(871, '2019-11-15', 11),
		(872, '2019-11-15', 14),
		(873, '2019-11-15', 18),
		(874, '2019-11-15', 19),
		(875, '2019-11-15', 23),
		(876, '2019-11-19', 20),
		(877, '2019-11-20', 15),
		(878, '2019-11-21', 5),
		(879, '2019-11-21', 9),
		(880, '2019-11-21', 10),
		(881, '2019-11-21', 21),
		(882, '2019-11-21', 22),
		(883, '2019-11-22', 2),
		(884, '2019-11-23', 1),
		(885, '2019-11-23', 12),
		(886, '2019-11-24', 8),
		(887, '2019-11-26', 7),
		(888, '2019-11-26', 11),
		(889, '2019-11-26', 14),
		(890, '2019-11-29', 2),
		(891, '2019-11-29', 3),
		(892, '2019-11-29', 5),
		(893, '2019-11-29', 13),
		(894, '2019-11-29', 16),
		(895, '2019-11-29', 17),
		(896, '2019-11-29', 20),
		(897, '2019-11-29', 22),
		(898, '2019-11-29', 23),
		(899, '2019-12-2', 4),
		(900, '2019-12-3', 15),
		(901, '2019-12-3', 19),
		(902, '2019-12-6', 2),
		(903, '2019-12-7', 5),
		(904, '2019-12-7', 6),
		(905, '2019-12-7', 7),
		(906, '2019-12-7', 11),
		(907, '2019-12-7', 14),
		(908, '2019-12-7', 18),
		(909, '2019-12-7', 21),
		(910, '2019-12-7', 22),
		(911, '2019-12-9', 8),
		(912, '2019-12-9', 20),
		(913, '2019-12-10', 1),
		(914, '2019-12-10', 12),
		(915, '2019-12-13', 2),
		(916, '2019-12-13', 23),
		(917, '2019-12-15', 5),
		(918, '2019-12-15', 10),
		(919, '2019-12-15', 22),
		(920, '2019-12-16', 15),
		(921, '2019-12-18', 7),
		(922, '2019-12-18', 11),
		(923, '2019-12-18', 14),
		(924, '2019-12-19', 20),
		(925, '2019-12-20', 2),
		(926, '2019-12-20', 9),
		(927, '2019-12-21', 19),
		(928, '2019-12-23', 5),
		(929, '2019-12-23', 21),
		(930, '2019-12-23', 22),
		(931, '2019-12-24', 8),
		(932, '2019-12-24', 13),
		(933, '2019-12-25', 4),
		(934, '2019-12-27', 1),
		(935, '2019-12-27', 2),
		(936, '2019-12-27', 3),
		(937, '2019-12-27', 12),
		(938, '2019-12-27', 16),
		(939, '2019-12-27', 17),
		(940, '2019-12-27', 23),
		(941, '2019-12-29', 6),
		(942, '2019-12-29', 7),
		(943, '2019-12-29', 11),
		(944, '2019-12-29', 14),
		(945, '2019-12-29', 15),
		(946, '2019-12-29', 18),
		(947, '2019-12-29', 20)
;



INSERT INTO registo_computador
	(id_rcom, rco_func, rco_util, computador,inicio,fim,estado)
	VALUES
		(1, 6, 363285397, 2, '2019-1-2 11:25:16', '2019-1-2 11:38:25', NULL),
		(2, 8, 102381502, 1, '2019-1-4 12:13:33', '2019-1-4 13:22:57', NULL),
		(3, 7, 241560214, 5, '2019-1-4 14:25:29', '2019-1-4 16:18:19', NULL),
		(4, 4, 249155825, 2, '2019-1-5 14:17:21', '2019-1-5 15:43:17', NULL),
		(5, 8, 102381502, 4, '2019-1-9 12:04:17', '2019-1-9 12:14:39', NULL),
		(6, 5, 275262560, 1, '2019-1-9 18:24:59', '2019-1-9 18:55:47', NULL),
		(7, 4, 350839432, 1, '2019-1-10 18:14:27', '2019-1-10 18:57:18', NULL),
		(8, 8, 133809434, 11, '2019-1-10 19:05:26', '2019-1-10 20:25:56', NULL),
		(9, 8, 239933374, 6, '2019-1-10 22:03:57', '2019-1-10 23:21:55', NULL),
		(10, 4, 111284682, 3, '2019-1-10 22:26:24', '2019-1-10 23:21:55', NULL),
		(11, 8, 332365514, 1, '2019-1-11 20:46:19', '2019-1-11 20:53:42', NULL),
		(12, 5, 134704538, 10, '2019-1-14 12:48:54', '2019-1-14 13:33:22', NULL),
		(13, 3, 379109291, 7, '2019-1-14 18:09:18', '2019-1-14 19:48:53', NULL),
		(14, 4, 301985943, 4, '2019-1-16 12:27:57', '2019-1-16 12:37:10', NULL),
		(15, 5, 344724699, 10, '2019-1-16 20:58:24', '2019-1-16 22:47:49', NULL),
		(16, 2, 185527720, 4, '2019-1-18 17:52:28', '2019-1-18 19:19:37', NULL),
		(17, 8, 159359463, 11, '2019-1-19 14:18:20', '2019-1-19 16:06:40', NULL),
		(18, 7, 133978530, 6, '2019-1-21 15:36:39', '2019-1-21 15:38:10', NULL),
		(19, 3, 339923277, 5, '2019-1-22 18:42:23', '2019-1-22 20:11:40', NULL),
		(20, 7, 132770971, 6, '2019-1-25 12:51:40', '2019-1-25 14:30:49', NULL),
		(21, 1, 161145778, 3, '2019-1-26 15:51:59', '2019-1-26 15:57:46', NULL),
		(22, 2, 371603165, 9, '2019-1-28 19:30:35', '2019-1-28 19:49:44', NULL),
		(23, 2, 373239805, 4, '2019-1-29 12:08:53', '2019-1-29 13:43:11', NULL),
		(24, 8, 263678191, 11, '2019-2-1 16:52:57', '2019-2-1 17:31:43', NULL),
		(25, 3, 133231622, 10, '2019-2-4 12:44:33', '2019-2-4 13:50:22', NULL),
		(26, 4, 117623241, 2, '2019-2-4 14:29:23', '2019-2-4 16:08:42', NULL),
		(27, 7, 287912198, 3, '2019-2-11 13:59:26', '2019-2-11 14:18:42', NULL),
		(28, 1, 205683603, 2, '2019-2-13 18:01:12', '2019-2-13 19:17:30', NULL),
		(29, 3, 198812059, 1, '2019-2-13 18:48:19', '2019-2-13 18:57:37', NULL),
		(30, 5, 330786408, 3, '2019-2-17 20:45:43', '2019-2-17 21:51:25', NULL),
		(31, 8, 268486442, 11, '2019-2-18 16:36:42', '2019-2-18 18:01:28', NULL),
		(32, 8, 360978113, 2, '2019-2-18 16:52:39', '2019-2-18 18:32:48', NULL),
		(33, 2, 379931361, 10, '2019-2-18 23:35:26', '2019-2-18 23:36:57', NULL),
		(34, 6, 325769654, 1, '2019-2-19 17:29:37', '2019-2-19 18:54:33', NULL),
		(35, 1, 216891140, 10, '2019-2-22 15:05:28', '2019-2-22 15:48:32', NULL),
		(36, 8, 310525120, 8, '2019-2-23 20:17:46', '2019-2-23 20:28:18', NULL),
		(37, 3, 350018831, 8, '2019-2-24 16:23:42', '2019-2-24 16:56:21', NULL),
		(38, 3, 162937983, 1, '2019-2-24 18:24:32', '2019-2-24 18:40:11', NULL),
		(39, 8, 152371021, 2, '2019-2-24 19:42:26', '2019-2-24 21:24:57', NULL),
		(40, 8, 193624829, 11, '2019-2-25 17:38:50', '2019-2-25 18:46:54', NULL),
		(41, 3, 383334247, 1, '2019-2-25 18:42:43', '2019-2-25 18:45:49', NULL),
		(42, 8, 192945160, 1, '2019-3-4 18:14:46', '2019-3-4 18:27:44', NULL),
		(43, 8, 325769654, 11, '2019-3-5 20:07:37', '2019-3-5 21:42:58', NULL),
		(44, 7, 341987378, 3, '2019-3-9 18:42:58', '2019-3-9 20:29:55', NULL),
		(45, 8, 203901574, 7, '2019-3-11 12:03:43', '2019-3-11 13:22:59', NULL),
		(46, 2, 249155825, 3, '2019-3-12 19:21:21', '2019-3-12 19:51:40', NULL),
		(47, 4, 186831947, 1, '2019-3-13 18:04:21', '2019-3-13 19:42:28', NULL),
		(48, 7, 151988314, 1, '2019-3-15 19:14:39', '2019-3-15 20:58:26', NULL),
		(49, 1, 344724699, 1, '2019-3-18 14:39:34', '2019-3-18 14:53:47', NULL),
		(50, 6, 314635909, 8, '2019-3-20 11:05:50', '2019-3-20 11:32:10', NULL),
		(51, 8, 141191820, 7, '2019-3-20 22:32:14', '2019-3-20 23:16:15', NULL),
		(52, 2, 146598861, 8, '2019-3-20 22:32:14', '2019-3-20 22:55:57', NULL),
		(53, 8, 194210307, 1, '2019-3-25 15:36:55', '2019-3-25 17:02:47', NULL),
		(54, 1, 216891140, 1, '2019-3-26 15:15:27', '2019-3-26 16:52:21', NULL),
		(55, 7, 329130610, 5, '2019-3-26 20:08:32', '2019-3-26 21:16:16', NULL),
		(56, 4, 134704538, 5, '2019-3-27 14:33:40', '2019-3-27 15:55:36', NULL),
		(57, 4, 350765083, 9, '2019-3-27 20:46:41', '2019-3-27 21:51:20', NULL),
		(58, 2, 150552528, 1, '2019-3-28 11:12:46', '2019-3-28 12:58:21', NULL),
		(59, 2, 109424511, 2, '2019-3-30 15:39:20', '2019-3-30 16:29:39', NULL),
		(60, 7, 191946443, 7, '2019-4-2 18:20:33', '2019-4-2 19:43:36', NULL),
		(61, 3, 228126114, 11, '2019-4-4 11:48:17', '2019-4-4 13:10:31', NULL),
		(62, 5, 374513906, 11, '2019-4-4 21:13:54', '2019-4-4 22:17:23', NULL),
		(63, 1, 192945160, 8, '2019-4-5 17:15:28', '2019-4-5 19:15:24', NULL),
		(64, 2, 187519716, 3, '2019-4-7 18:52:35', '2019-4-7 19:49:32', NULL),
		(65, 7, 371517610, 1, '2019-4-9 16:52:24', '2019-4-9 17:10:47', NULL),
		(66, 1, 186962121, 1, '2019-4-10 14:19:31', '2019-4-10 15:21:10', NULL),
		(67, 3, 341317873, 2, '2019-4-10 19:43:16', '2019-4-10 21:27:56', NULL),
		(68, 8, 356014300, 2, '2019-4-11 16:52:39', '2019-4-11 18:08:49', NULL),
		(69, 6, 240858717, 10, '2019-4-14 19:29:46', '2019-4-14 21:09:55', NULL),
		(70, 4, 117623241, 10, '2019-4-16 12:06:23', '2019-4-16 13:43:56', NULL),
		(71, 6, 294456853, 8, '2019-4-16 13:38:57', '2019-4-16 15:10:36', NULL),
		(72, 5, 375549507, 2, '2019-4-18 19:56:15', '2019-4-18 20:01:16', NULL),
		(73, 5, 200732852, 11, '2019-4-20 17:32:54', '2019-4-20 18:45:21', NULL),
		(74, 2, 373239805, 11, '2019-4-20 19:18:10', '2019-4-20 20:02:19', NULL),
		(75, 8, 213859880, 10, '2019-4-23 14:17:49', '2019-4-23 14:36:27', NULL),
		(76, 4, 394260614, 5, '2019-4-25 11:41:34', '2019-4-25 11:55:16', NULL),
		(77, 7, 350765083, 11, '2019-4-25 19:26:25', '2019-4-25 19:36:57', NULL),
		(78, 2, 282737538, 2, '2019-4-26 11:17:35', '2019-4-26 12:05:35', NULL),
		(79, 8, 133328435, 8, '2019-4-26 15:13:41', '2019-4-26 16:12:58', NULL),
		(80, 2, 148514229, 2, '2019-4-26 18:48:22', '2019-4-26 19:04:15', NULL),
		(81, 2, 223398184, 1, '2019-4-29 14:26:46', '2019-4-29 15:07:12', NULL),
		(82, 1, 120529395, 2, '2019-4-29 15:07:12', '2019-4-29 16:01:15', NULL),
		(83, 6, 180545224, 5, '2019-5-5 19:53:29', '2019-5-5 21:15:59', NULL),
		(84, 7, 287912198, 11, '2019-5-7 19:03:13', '2019-5-7 20:06:12', NULL),
		(85, 3, 202674760, 2, '2019-5-10 19:55:10', '2019-5-10 21:16:43', NULL),
		(86, 1, 237384893, 7, '2019-5-11 14:05:23', '2019-5-11 14:15:34', NULL),
		(87, 2, 230116011, 6, '2019-5-12 12:11:28', '2019-5-12 14:06:54', NULL),
		(88, 6, 294456853, 2, '2019-5-14 15:18:53', '2019-5-14 15:35:37', NULL),
		(89, 5, 314635909, 2, '2019-5-14 20:49:44', '2019-5-14 21:20:45', NULL),
		(90, 8, 137784062, 6, '2019-5-16 21:14:14', '2019-5-16 22:10:17', NULL),
		(91, 5, 397977574, 10, '2019-5-16 21:50:18', '2019-5-16 23:08:40', NULL),
		(92, 8, 115590124, 4, '2019-5-18 13:15:28', '2019-5-18 14:30:56', NULL),
		(93, 6, 216153876, 11, '2019-5-19 17:32:22', '2019-5-19 18:16:24', NULL),
		(94, 8, 186831947, 2, '2019-5-20 20:18:43', '2019-5-20 20:25:47', NULL),
		(95, 3, 120529395, 2, '2019-5-29 12:36:36', '2019-5-29 14:06:15', NULL),
		(96, 8, 206693058, 3, '2019-5-29 20:01:27', '2019-5-29 20:17:57', NULL),
		(97, 3, 383334247, 1, '2019-5-29 21:35:21', '2019-5-29 23:02:21', NULL),
		(98, 7, 331776339, 6, '2019-6-3 22:14:32', '2019-6-3 22:52:36', NULL),
		(99, 7, 365360921, 1, '2019-6-4 11:58:10', '2019-6-4 12:57:11', NULL),
		(100, 8, 142630869, 1, '2019-6-4 15:50:55', '2019-6-4 17:50:24', NULL),
		(101, 7, 150474041, 3, '2019-6-4 20:23:47', '2019-6-4 21:41:42', NULL),
		(102, 5, 239853085, 1, '2019-6-6 13:45:16', '2019-6-6 14:23:21', NULL),
		(103, 2, 188533288, 1, '2019-6-10 16:49:13', '2019-6-10 17:59:32', NULL),
		(104, 1, 193624829, 2, '2019-6-10 19:02:24', '2019-6-10 20:11:18', NULL),
		(105, 7, 339923277, 1, '2019-6-12 21:59:33', '2019-6-12 23:27:28', NULL),
		(106, 8, 381265519, 2, '2019-6-13 11:53:59', '2019-6-13 12:14:52', NULL),
		(107, 8, 109424511, 9, '2019-6-13 14:09:38', '2019-6-13 15:08:54', NULL),
		(108, 3, 202674760, 2, '2019-6-14 12:48:58', '2019-6-14 13:34:30', NULL),
		(109, 5, 152577589, 3, '2019-6-17 19:45:22', '2019-6-17 20:57:22', NULL),
		(110, 8, 277912986, 6, '2019-6-20 15:19:55', '2019-6-20 15:55:52', NULL),
		(111, 5, 315945138, 5, '2019-6-21 14:25:21', '2019-6-21 15:44:59', NULL),
		(112, 1, 272211630, 10, '2019-6-21 19:53:39', '2019-6-21 21:15:48', NULL),
		(113, 4, 325769654, 10, '2019-6-25 19:55:56', '2019-6-25 20:51:20', NULL),
		(114, 6, 328516824, 10, '2019-6-26 20:15:17', '2019-6-26 20:18:22', NULL),
		(115, 4, 329130610, 6, '2019-6-29 20:39:21', '2019-6-29 21:45:17', NULL),
		(116, 4, 228126114, 9, '2019-6-30 15:48:47', '2019-6-30 16:46:56', NULL),
		(117, 3, 246575695, 1, '2019-7-2 12:43:46', '2019-7-2 12:46:43', NULL),
		(118, 3, 146598861, 2, '2019-7-3 22:53:38', '2019-7-3 23:41:31', NULL),
		(119, 7, 241560214, 1, '2019-7-6 21:06:16', '2019-7-6 22:27:46', NULL),
		(120, 4, 352052174, 7, '2019-7-12 13:44:21', '2019-7-12 14:10:58', NULL),
		(121, 4, 341317873, 8, '2019-7-13 14:27:24', '2019-7-13 14:41:42', NULL),
		(122, 5, 315945138, 5, '2019-7-13 17:32:49', '2019-7-13 18:39:36', NULL),
		(123, 5, 371517610, 2, '2019-7-17 11:22:14', '2019-7-17 11:43:55', NULL),
		(124, 3, 341317873, 7, '2019-7-17 21:55:31', '2019-7-17 23:06:27', NULL),
		(125, 7, 249155825, 4, '2019-7-20 21:18:56', '2019-7-20 21:41:23', NULL),
		(126, 2, 241560214, 2, '2019-7-21 16:12:20', '2019-7-21 16:13:54', NULL),
		(127, 5, 240858717, 10, '2019-7-22 13:41:56', '2019-7-22 13:47:43', NULL),
		(128, 7, 223545852, 3, '2019-7-22 14:56:52', '2019-7-22 16:11:23', NULL),
		(129, 7, 241560214, 1, '2019-7-25 16:20:34', '2019-7-25 17:12:18', NULL),
		(130, 7, 185377055, 4, '2019-7-26 15:28:37', '2019-7-26 16:23:40', NULL),
		(131, 2, 310525120, 5, '2019-7-28 19:39:34', '2019-7-28 20:27:42', NULL),
		(132, 1, 205683603, 1, '2019-8-5 12:52:33', '2019-8-5 13:49:36', NULL),
		(133, 1, 381265519, 1, '2019-8-6 11:56:29', '2019-8-6 13:47:28', NULL),
		(134, 7, 275262560, 10, '2019-8-6 13:38:21', '2019-8-6 15:11:28', NULL),
		(135, 1, 223398184, 7, '2019-8-8 21:54:58', '2019-8-8 23:21:20', NULL),
		(136, 5, 108991846, 4, '2019-8-11 22:07:16', '2019-8-11 23:29:42', NULL),
		(137, 1, 115590124, 2, '2019-8-14 13:58:28', '2019-8-14 14:13:39', NULL),
		(138, 4, 240858717, 2, '2019-8-16 19:48:34', '2019-8-16 21:31:50', NULL),
		(139, 4, 213744947, 5, '2019-8-17 18:04:59', '2019-8-17 18:31:50', NULL),
		(140, 4, 133328435, 2, '2019-8-18 16:58:58', '2019-8-18 17:12:13', NULL),
		(141, 7, 152577589, 10, '2019-8-20 14:37:41', '2019-8-20 16:32:16', NULL),
		(142, 6, 205987354, 3, '2019-8-21 15:45:57', '2019-8-21 16:45:31', NULL),
		(143, 8, 287912198, 10, '2019-8-25 12:23:21', '2019-8-25 12:24:11', NULL),
		(144, 7, 374513906, 11, '2019-8-25 17:14:52', '2019-8-25 19:03:20', NULL),
		(145, 4, 191073788, 5, '2019-8-26 14:05:33', '2019-8-26 15:48:33', NULL),
		(146, 7, 215915710, 1, '2019-8-26 19:05:59', '2019-8-26 19:41:45', NULL),
		(147, 7, 394260614, 8, '2019-8-27 21:49:13', '2019-8-27 22:38:45', NULL),
		(148, 6, 188533288, 4, '2019-9-3 19:30:18', '2019-9-3 20:04:41', NULL),
		(149, 4, 365228360, 1, '2019-9-5 13:21:54', '2019-9-5 13:35:23', NULL),
		(150, 5, 332365514, 10, '2019-9-5 20:20:14', '2019-9-5 21:11:51', NULL),
		(151, 1, 141713929, 5, '2019-9-8 19:03:37', '2019-9-8 19:47:14', NULL),
		(152, 1, 237384893, 4, '2019-9-8 21:32:18', '2019-9-8 22:14:37', NULL),
		(153, 7, 133809434, 6, '2019-9-8 22:14:46', '2019-9-8 22:53:18', NULL),
		(154, 4, 324536911, 10, '2019-9-11 15:04:15', '2019-9-11 15:47:30', NULL),
		(155, 7, 109424511, 1, '2019-9-12 12:36:17', '2019-9-12 13:17:14', NULL),
		(156, 2, 142630869, 5, '2019-9-12 13:24:39', '2019-9-12 13:53:58', NULL),
		(157, 7, 200732852, 1, '2019-9-12 13:46:20', '2019-9-12 15:30:39', NULL),
		(158, 3, 249155825, 3, '2019-9-13 13:25:28', '2019-9-13 14:46:32', NULL),
		(159, 7, 360978113, 1, '2019-9-13 22:35:11', '2019-9-13 23:40:48', NULL),
		(160, 4, 330087285, 2, '2019-9-14 16:36:20', '2019-9-14 17:15:58', NULL),
		(161, 8, 363400837, 1, '2019-9-15 21:12:54', '2019-9-15 22:11:51', NULL),
		(162, 7, 159359463, 9, '2019-9-17 11:07:37', '2019-9-17 11:19:54', NULL),
		(163, 1, 198396922, 8, '2019-9-18 19:31:20', '2019-9-18 20:43:56', NULL),
		(164, 4, 374513906, 6, '2019-9-24 11:19:30', '2019-9-24 12:17:29', NULL),
		(165, 8, 275218951, 11, '2019-9-24 20:15:29', '2019-9-24 21:08:46', NULL),
		(166, 4, 372248913, 1, '2019-9-30 11:45:52', '2019-9-30 12:29:35', NULL),
		(167, 5, 249155825, 3, '2019-10-1 12:27:17', '2019-10-1 13:24:59', NULL),
		(168, 7, 372248913, 2, '2019-10-5 16:32:17', '2019-10-5 17:12:20', NULL),
		(169, 3, 246558960, 3, '2019-10-5 18:45:30', '2019-10-5 20:27:48', NULL),
		(170, 2, 171250949, 7, '2019-10-5 21:55:26', '2019-10-5 22:48:44', NULL),
		(171, 7, 163901303, 10, '2019-10-6 17:16:42', '2019-10-6 18:28:34', NULL),
		(172, 5, 192945160, 1, '2019-10-6 20:53:40', '2019-10-6 20:56:37', NULL),
		(173, 1, 200732852, 1, '2019-10-8 11:55:41', '2019-10-8 12:33:57', NULL),
		(174, 1, 131537841, 5, '2019-10-11 16:21:45', '2019-10-11 16:48:59', NULL),
		(175, 3, 241069319, 6, '2019-10-15 14:23:51', '2019-10-15 15:22:38', NULL),
		(176, 2, 294456853, 4, '2019-10-16 12:14:53', '2019-10-16 13:38:54', NULL),
		(177, 3, 206693058, 2, '2019-10-18 13:25:40', '2019-10-18 13:50:18', NULL),
		(178, 2, 287912198, 1, '2019-10-18 17:35:12', '2019-10-18 18:38:20', NULL),
		(179, 6, 191946443, 3, '2019-10-20 22:45:29', '2019-10-20 23:21:58', NULL),
		(180, 6, 200732852, 10, '2019-10-21 20:09:17', '2019-10-21 21:23:52', NULL),
		(181, 8, 242184886, 4, '2019-10-23 16:59:29', '2019-10-23 18:34:49', NULL),
		(182, 6, 241069319, 1, '2019-10-25 18:31:57', '2019-10-25 18:33:19', NULL),
		(183, 2, 352052174, 4, '2019-10-25 18:41:41', '2019-10-25 19:34:46', NULL),
		(184, 2, 381265519, 4, '2019-10-25 20:40:57', '2019-10-25 21:48:44', NULL),
		(185, 5, 372248913, 2, '2019-10-26 13:59:52', '2019-10-26 15:25:16', NULL),
		(186, 8, 236596855, 2, '2019-10-28 12:51:19', '2019-10-28 14:13:30', NULL),
		(187, 4, 123063115, 1, '2019-10-29 23:03:56', '2019-10-29 23:22:39', NULL),
		(188, 5, 115590124, 9, '2019-11-2 12:41:27', '2019-11-2 14:09:39', NULL),
		(189, 5, 239853085, 5, '2019-11-2 14:21:57', '2019-11-2 16:20:46', NULL),
		(190, 1, 133978530, 8, '2019-11-4 11:23:16', '2019-11-4 11:30:45', NULL),
		(191, 4, 365228360, 2, '2019-11-5 19:03:50', '2019-11-5 19:32:59', NULL),
		(192, 3, 102665980, 10, '2019-11-6 20:55:35', '2019-11-6 21:44:48', NULL),
		(193, 2, 205683603, 2, '2019-11-7 16:26:35', '2019-11-7 16:51:59', NULL),
		(194, 1, 365588428, 7, '2019-11-8 17:49:35', '2019-11-8 18:52:39', NULL),
		(195, 4, 161145778, 4, '2019-11-13 19:09:16', '2019-11-13 19:51:44', NULL),
		(196, 6, 372248913, 3, '2019-11-13 19:16:34', '2019-11-13 19:51:44', NULL),
		(197, 2, 161145778, 4, '2019-11-19 15:46:26', '2019-11-19 17:25:57', NULL),
		(198, 8, 225971631, 1, '2019-11-20 20:34:26', '2019-11-20 22:43:58', NULL),
		(199, 8, 353856516, 2, '2019-11-23 12:10:25', '2019-11-23 13:05:43', NULL),
		(200, 8, 325769654, 11, '2019-11-24 16:14:48', '2019-11-24 16:56:24', NULL),
		(201, 2, 330087285, 4, '2019-11-25 16:42:31', '2019-11-25 17:21:10', NULL),
		(202, 5, 132770971, 2, '2019-11-25 17:14:59', '2019-11-25 17:21:10', NULL),
		(203, 3, 185377055, 11, '2019-11-26 18:39:29', '2019-11-26 20:34:39', NULL),
		(204, 5, 146598861, 3, '2019-11-26 21:06:56', '2019-11-26 22:56:22', NULL),
		(205, 4, 339923277, 4, '2019-11-27 13:50:54', '2019-11-27 15:15:32', NULL),
		(206, 3, 310525120, 6, '2019-11-28 16:30:53', '2019-11-28 16:30:10', NULL),
		(207, 1, 219211823, 1, '2019-11-29 12:52:34', '2019-11-29 14:02:10', NULL),
		(208, 3, 141713929, 8, '2019-12-1 22:15:25', '2019-12-1 23:21:57', NULL),
		(209, 3, 117623241, 9, '2019-12-2 15:37:17', '2019-12-2 16:10:49', NULL),
		(210, 4, 134704538, 1, '2019-12-3 11:24:17', '2019-12-3 11:40:52', NULL),
		(211, 3, 360978113, 11, '2019-12-3 14:12:24', '2019-12-3 14:50:16', NULL),
		(212, 6, 358521722, 2, '2019-12-3 20:53:33', '2019-12-3 22:20:36', NULL),
		(213, 3, 341317873, 3, '2019-12-6 22:31:31', '2019-12-6 23:40:48', NULL),
		(214, 8, 213604134, 9, '2019-12-8 11:53:55', '2019-12-8 12:03:16', NULL),
		(215, 3, 102381502, 8, '2019-12-9 12:28:16', '2019-12-9 13:06:23', NULL),
		(216, 2, 219211823, 11, '2019-12-11 15:42:12', '2019-12-11 17:04:23', NULL),
		(217, 6, 374513906, 1, '2019-12-11 20:36:27', '2019-12-11 22:35:21', NULL),
		(218, 2, 379530029, 6, '2019-12-12 18:46:53', '2019-12-12 18:55:59', NULL),
		(219, 2, 367806810, 1, '2019-12-15 16:45:23', '2019-12-15 18:10:31', NULL),
		(220, 5, 330087285, 4, '2019-12-17 19:45:12', '2019-12-17 21:26:17', NULL),
		(221, 6, 171250949, 2, '2019-12-18 19:37:15', '2019-12-18 21:25:42', NULL),
		(222, 1, 163901303, 10, '2019-12-18 21:12:22', '2019-12-18 22:39:15', NULL),
		(223, 1, 187519716, 2, '2019-12-19 16:28:50', '2019-12-19 16:40:56', NULL),
		(224, 3, 137784062, 1, '2019-12-20 22:20:57', '2019-12-20 22:54:33', NULL),
		(225, 6, 348958772, 10, '2019-12-25 15:55:50', '2019-12-25 16:36:17', NULL),
		(226, 3, 117623241, 1, '2019-12-25 16:36:17', '2019-12-25 17:04:41', NULL),
		(227, 3, 310525120, 10, '2019-12-27 18:24:40', '2019-12-27 19:47:39', NULL),
		(228, 7, 191073788, 5, '2019-12-28 11:16:48', '2019-12-28 11:59:30', NULL),
		(229, 4, 371603165, 1, '2019-12-30 19:20:25', '2019-12-30 20:20:12', NULL)
;

INSERT INTO registo_sala
	(id_rsala, rs_func, rs_util, data_inicio,data_fim,estado,sala)
	VALUES
		(1, 4, 361171294, '2019-1-1 12:37:33', '2019-1-1 13:08:52', NULL, 1),
		(2, 5, 134704538, '2019-1-1 16:57:36', '2019-1-1 19:38:45', NULL, 2),
		(3, 4, 324536911, '2019-1-1 20:07:28', '2019-1-1 22:45:21', NULL, 3),
		(4, 2, 244605971, '2019-1-2 11:19:17', '2019-1-2 14:56:21', NULL, 2),
		(5, 3, 192945160, '2019-1-2 11:19:17', '2019-1-2 14:43:36', NULL, 3),
		(6, 2, 131537841, '2019-1-3 14:14:59', '2019-1-3 17:06:37', NULL, 2),
		(7, 8, 142630869, '2019-1-3 16:12:36', '2019-1-3 17:53:10', NULL, 3),
		(8, 5, 193624829, '2019-1-4 12:44:51', '2019-1-4 14:20:40', NULL, 2),
		(9, 2, 223545852, '2019-1-4 14:39:39', '2019-1-4 16:34:56', NULL, 3),
		(10, 6, 243160206, '2019-1-4 18:07:10', '2019-1-4 21:03:11', NULL, 2),
		(11, 8, 185527720, '2019-1-5 11:34:18', '2019-1-5 11:48:44', NULL, 3),
		(12, 1, 363285397, '2019-1-5 17:22:13', '2019-1-5 20:31:41', NULL, 1),
		(13, 3, 202674760, '2019-1-5 18:06:27', '2019-1-5 20:15:34', NULL, 1),
		(14, 6, 120591864, '2019-1-5 18:06:17', '2019-1-5 22:05:51', NULL, 3),
		(15, 7, 141713929, '2019-1-5 19:58:33', '2019-1-5 20:31:41', NULL, 2),
		(16, 7, 331776339, '2019-1-5 21:58:37', '2019-1-5 23:13:21', NULL, 1),
		(17, 3, 133231622, '2019-1-6 11:33:17', '2019-1-6 15:22:23', NULL, 3),
		(18, 1, 171250949, '2019-1-6 12:26:57', '2019-1-6 12:53:59', NULL, 3),
		(19, 7, 109424511, '2019-1-7 21:47:35', '2019-1-7 23:37:46', NULL, 3),
		(20, 2, 339923277, '2019-1-8 12:40:19', '2019-1-8 15:45:15', NULL, 2),
		(21, 7, 239853085, '2019-1-8 20:46:44', '2019-1-8 21:36:19', NULL, 2),
		(22, 6, 116438184, '2019-1-9 12:44:51', '2019-1-9 14:34:34', NULL, 2),
		(23, 2, 379109291, '2019-1-9 14:05:27', '2019-1-9 14:56:57', NULL, 1),
		(24, 8, 241560214, '2019-1-9 18:23:25', '2019-1-9 18:35:34', NULL, 3),
		(25, 2, 230116011, '2019-1-9 18:28:37', '2019-1-9 19:15:32', NULL, 3),
		(26, 2, 117623241, '2019-1-9 19:53:24', '2019-1-9 21:51:43', NULL, 1),
		(27, 2, 310525120, '2019-1-10 19:25:29', '2019-1-10 20:04:46', NULL, 1),
		(28, 4, 202674760, '2019-1-10 22:15:55', '2019-1-10 22:44:48', NULL, 1),
		(29, 8, 325769654, '2019-1-11 11:18:21', '2019-1-11 14:44:48', NULL, 3),
		(30, 4, 117623241, '2019-1-11 12:20:12', '2019-1-11 15:16:25', NULL, 1),
		(31, 6, 374513906, '2019-1-11 15:13:19', '2019-1-11 16:36:20', NULL, 3),
		(32, 6, 133328435, '2019-1-12 14:20:44', '2019-1-12 16:15:10', NULL, 2),
		(33, 2, 213744947, '2019-1-12 14:24:18', '2019-1-12 16:43:14', NULL, 3),
		(34, 8, 166873059, '2019-1-13 11:26:38', '2019-1-13 14:23:24', NULL, 3),
		(35, 8, 216153876, '2019-1-13 16:16:20', '2019-1-13 20:21:54', NULL, 3),
		(36, 4, 360978113, '2019-1-13 18:47:14', '2019-1-13 22:15:37', NULL, 1),
		(37, 3, 137784062, '2019-1-13 20:52:32', '2019-1-13 20:54:36', NULL, 3),
		(38, 1, 329130610, '2019-1-14 12:46:31', '2019-1-14 14:35:22', NULL, 1),
		(39, 3, 205987354, '2019-1-14 18:53:56', '2019-1-14 21:04:15', NULL, 2),
		(40, 1, 102381502, '2019-1-15 12:43:56', '2019-1-15 15:53:26', NULL, 2),
		(41, 7, 102381502, '2019-1-16 12:20:15', '2019-1-16 14:15:24', NULL, 1),
		(42, 4, 192337123, '2019-1-16 12:20:15', '2019-1-16 12:34:23', NULL, 2),
		(43, 5, 241560214, '2019-1-16 13:14:53', '2019-1-16 14:46:12', NULL, 3),
		(44, 4, 325769654, '2019-1-16 14:15:24', '2019-1-16 15:36:17', NULL, 2),
		(45, 1, 241069319, '2019-1-16 15:20:58', '2019-1-16 18:25:54', NULL, 2),
		(46, 1, 275262560, '2019-1-16 17:23:58', '2019-1-16 21:02:10', NULL, 3),
		(47, 8, 198812059, '2019-1-16 19:44:34', '2019-1-16 20:53:15', NULL, 3),
		(48, 1, 277912986, '2019-1-17 11:04:49', '2019-1-17 13:29:49', NULL, 1),
		(49, 5, 361171294, '2019-1-17 14:22:20', '2019-1-17 14:49:10', NULL, 1),
		(50, 4, 198812059, '2019-1-17 14:22:20', '2019-1-17 14:45:25', NULL, 2),
		(51, 6, 161145778, '2019-1-17 14:45:25', '2019-1-17 15:29:29', NULL, 1),
		(52, 4, 223545852, '2019-1-17 15:29:29', '2019-1-17 17:22:33', NULL, 3),
		(53, 1, 194210307, '2019-1-17 19:54:31', '2019-1-17 19:55:59', NULL, 1),
		(54, 3, 363400837, '2019-1-18 11:54:16', '2019-1-18 15:20:36', NULL, 1),
		(55, 3, 249155825, '2019-1-18 19:21:27', '2019-1-18 21:52:11', NULL, 1),
		(56, 5, 159359463, '2019-1-18 22:16:54', '2019-1-18 23:41:35', NULL, 2),
		(57, 2, 141713929, '2019-1-19 14:24:22', '2019-1-19 16:44:50', NULL, 1),
		(58, 7, 191946443, '2019-1-19 16:44:50', '2019-1-19 19:32:30', NULL, 3),
		(59, 1, 130199293, '2019-1-19 17:55:35', '2019-1-19 18:54:17', NULL, 3),
		(60, 3, 133809434, '2019-1-20 11:03:25', '2019-1-20 12:01:22', NULL, 1),
		(61, 5, 133328435, '2019-1-20 14:02:40', '2019-1-20 16:44:15', NULL, 1),
		(62, 2, 163040239, '2019-1-20 16:46:32', '2019-1-20 17:23:33', NULL, 1),
		(63, 1, 240187229, '2019-1-20 17:51:37', '2019-1-20 20:16:45', NULL, 3),
		(64, 2, 205683603, '2019-1-21 14:49:43', '2019-1-21 17:39:58', NULL, 3),
		(65, 5, 142630869, '2019-1-21 15:50:40', '2019-1-21 17:25:39', NULL, 2),
		(66, 1, 111284682, '2019-1-22 16:33:53', '2019-1-22 20:14:52', NULL, 2),
		(67, 6, 213744947, '2019-1-22 18:49:34', '2019-1-22 20:14:52', NULL, 2),
		(68, 6, 185377055, '2019-1-23 16:21:52', '2019-1-23 17:22:57', NULL, 1),
		(69, 3, 162937983, '2019-1-23 20:13:23', '2019-1-23 22:56:40', NULL, 2),
		(70, 7, 371517610, '2019-1-24 13:27:53', '2019-1-24 15:10:12', NULL, 3),
		(71, 5, 243160206, '2019-1-24 13:44:28', '2019-1-24 17:19:37', NULL, 1),
		(72, 3, 246575695, '2019-1-24 15:51:25', '2019-1-24 18:42:12', NULL, 3),
		(73, 6, 379109291, '2019-1-24 19:55:25', '2019-1-24 21:06:43', NULL, 3),
		(74, 4, 193624829, '2019-1-25 14:59:25', '2019-1-25 18:27:36', NULL, 2),
		(75, 4, 141191820, '2019-1-26 12:50:32', '2019-1-26 13:42:42', NULL, 2),
		(76, 6, 339923277, '2019-1-26 14:36:48', '2019-1-26 17:02:58', NULL, 2),
		(77, 8, 287912198, '2019-1-26 16:16:19', '2019-1-26 19:06:11', NULL, 1),
		(78, 4, 213604134, '2019-1-27 21:03:30', '2019-1-27 22:40:16', NULL, 1),
		(79, 7, 350839432, '2019-1-28 11:26:48', '2019-1-28 12:46:54', NULL, 2),
		(80, 7, 241069319, '2019-1-28 11:31:30', '2019-1-28 14:18:23', NULL, 2),
		(81, 1, 272211630, '2019-1-28 15:05:41', '2019-1-28 16:29:26', NULL, 2),
		(82, 2, 350765083, '2019-1-29 14:35:25', '2019-1-29 18:13:27', NULL, 1),
		(83, 6, 141191820, '2019-1-29 15:26:43', '2019-1-29 16:56:49', NULL, 1),
		(84, 5, 365588428, '2019-1-29 20:55:53', '2019-1-29 21:53:56', NULL, 3),
		(85, 1, 329130610, '2019-1-30 20:37:31', '2019-1-30 23:05:15', NULL, 2),
		(86, 3, 365360921, '2019-1-30 22:45:13', '2019-1-30 23:41:39', NULL, 3),
		(87, 4, 381265519, '2019-2-1 19:45:48', '2019-2-1 23:33:52', NULL, 2),
		(88, 4, 187519716, '2019-2-2 14:19:37', '2019-2-2 16:45:40', NULL, 1),
		(89, 3, 115590124, '2019-2-2 14:25:39', '2019-2-2 15:46:34', NULL, 3),
		(90, 8, 294916500, '2019-2-2 20:17:29', '2019-2-2 22:35:12', NULL, 1),
		(91, 6, 332365514, '2019-2-3 18:09:26', '2019-2-3 20:59:45', NULL, 1),
		(92, 5, 256215550, '2019-2-4 11:35:37', '2019-2-4 13:36:56', NULL, 3),
		(93, 1, 130199293, '2019-2-4 22:33:13', '2019-2-4 23:33:49', NULL, 1),
		(94, 6, 120529395, '2019-2-5 13:06:11', '2019-2-5 16:46:50', NULL, 2),
		(95, 2, 365588428, '2019-2-5 14:32:23', '2019-2-5 18:15:28', NULL, 3),
		(96, 4, 252514191, '2019-2-6 11:52:47', '2019-2-6 12:48:36', NULL, 3),
		(97, 5, 275218951, '2019-2-6 16:32:28', '2019-2-6 19:29:52', NULL, 1),
		(98, 1, 371517610, '2019-2-8 13:14:16', '2019-2-8 13:31:56', NULL, 1),
		(99, 3, 339923277, '2019-2-8 13:41:31', '2019-2-8 14:36:25', NULL, 1),
		(100, 2, 329130610, '2019-2-8 15:45:16', '2019-2-8 15:57:21', NULL, 1),
		(101, 8, 243160206, '2019-2-8 17:31:36', '2019-2-8 19:35:32', NULL, 3),
		(102, 8, 239933374, '2019-2-8 18:17:23', '2019-2-8 19:13:53', NULL, 1),
		(103, 1, 282737538, '2019-2-8 19:35:32', '2019-2-8 21:53:12', NULL, 1),
		(104, 3, 162937983, '2019-2-8 20:57:12', '2019-2-8 22:35:32', NULL, 2),
		(105, 4, 275218951, '2019-2-9 13:11:35', '2019-2-9 15:12:54', NULL, 3),
		(106, 6, 109542704, '2019-2-9 18:54:16', '2019-2-9 21:14:20', NULL, 1),
		(107, 3, 134704538, '2019-2-9 20:47:23', '2019-2-9 20:48:23', NULL, 2),
		(108, 2, 186831947, '2019-2-10 11:04:50', '2019-2-10 12:12:46', NULL, 3),
		(109, 2, 188533288, '2019-2-10 11:54:53', '2019-2-10 12:43:38', NULL, 3),
		(110, 6, 301985943, '2019-2-10 22:17:12', '2019-2-10 23:43:56', NULL, 3),
		(111, 4, 282737538, '2019-2-11 11:49:28', '2019-2-11 13:52:56', NULL, 3),
		(112, 2, 163040239, '2019-2-11 16:17:36', '2019-2-11 18:01:17', NULL, 3),
		(113, 4, 361171294, '2019-2-12 11:52:42', '2019-2-12 14:03:25', NULL, 3),
		(114, 3, 246558960, '2019-2-12 12:23:52', '2019-2-12 13:02:13', NULL, 1),
		(115, 6, 363400837, '2019-2-12 19:26:29', '2019-2-12 22:22:44', NULL, 2),
		(116, 7, 130199293, '2019-2-12 19:34:44', '2019-2-12 21:49:38', NULL, 1),
		(117, 3, 141191820, '2019-2-12 21:06:24', '2019-2-12 23:21:17', NULL, 1),
		(118, 6, 200732852, '2019-2-13 12:07:39', '2019-2-13 13:57:27', NULL, 2),
		(119, 3, 287912198, '2019-2-13 16:59:46', '2019-2-13 20:16:29', NULL, 1),
		(120, 4, 240187229, '2019-2-14 18:02:18', '2019-2-14 18:19:20', NULL, 1),
		(121, 3, 216153876, '2019-2-14 18:35:25', '2019-2-14 22:56:14', NULL, 3),
		(122, 3, 230116011, '2019-2-15 12:38:56', '2019-2-15 13:37:10', NULL, 2),
		(123, 6, 275262560, '2019-2-15 15:49:22', '2019-2-15 16:46:30', NULL, 2),
		(124, 8, 275218951, '2019-2-15 16:46:30', '2019-2-15 17:07:51', NULL, 3),
		(125, 3, 243160206, '2019-2-15 19:23:39', '2019-2-15 20:07:29', NULL, 2),
		(126, 6, 191073788, '2019-2-16 11:58:25', '2019-2-16 13:03:17', NULL, 2),
		(127, 7, 188533288, '2019-2-16 19:05:34', '2019-2-16 19:27:22', NULL, 1),
		(128, 1, 372248913, '2019-2-17 18:48:40', '2019-2-17 19:17:39', NULL, 1),
		(129, 6, 384247656, '2019-2-18 11:04:25', '2019-2-18 14:05:40', NULL, 3),
		(130, 6, 252514191, '2019-2-18 14:42:40', '2019-2-18 18:20:19', NULL, 3),
		(131, 3, 363285397, '2019-2-19 18:33:34', '2019-2-19 21:06:49', NULL, 3),
		(132, 7, 275218951, '2019-2-19 20:30:46', '2019-2-19 23:44:50', NULL, 1),
		(133, 4, 356014300, '2019-2-20 14:23:19', '2019-2-20 17:53:26', NULL, 1),
		(134, 8, 109424511, '2019-2-20 14:49:15', '2019-2-20 15:31:47', NULL, 3),
		(135, 6, 365360921, '2019-2-20 15:10:34', '2019-2-20 17:01:58', NULL, 3),
		(136, 4, 213859880, '2019-2-21 12:48:33', '2019-2-21 15:36:33', NULL, 3),
		(137, 6, 205683603, '2019-2-21 20:27:58', '2019-2-21 21:43:15', NULL, 3),
		(138, 6, 371517610, '2019-2-21 20:56:59', '2019-2-21 21:26:50', NULL, 1),
		(139, 2, 350839432, '2019-2-22 12:56:15', '2019-2-22 16:12:38', NULL, 3),
		(140, 2, 188533288, '2019-2-22 17:54:18', '2019-2-22 19:03:24', NULL, 1),
		(141, 8, 375549507, '2019-2-22 18:25:51', '2019-2-22 20:56:45', NULL, 3),
		(142, 6, 186962121, '2019-2-22 18:40:35', '2019-2-22 20:37:23', NULL, 2),
		(143, 8, 206693058, '2019-2-22 18:40:35', '2019-2-22 22:16:25', NULL, 2),
		(144, 2, 397977574, '2019-2-23 15:44:15', '2019-2-23 17:52:27', NULL, 3),
		(145, 8, 213265496, '2019-2-24 12:03:44', '2019-2-24 15:55:15', NULL, 3),
		(146, 7, 332365514, '2019-2-25 12:23:28', '2019-2-25 15:23:42', NULL, 1),
		(147, 1, 141191820, '2019-2-25 17:29:25', '2019-2-25 18:09:20', NULL, 1),
		(148, 1, 252514191, '2019-2-25 17:45:34', '2019-2-25 18:15:52', NULL, 3),
		(149, 1, 330786408, '2019-2-26 11:58:36', '2019-2-26 12:13:39', NULL, 3),
		(150, 1, 263678191, '2019-2-26 17:48:16', '2019-2-26 20:26:35', NULL, 1),
		(151, 5, 360978113, '2019-2-26 19:58:15', '2019-2-26 22:57:59', NULL, 1),
		(152, 3, 205987354, '2019-2-27 16:59:33', '2019-2-27 18:06:11', NULL, 2),
		(153, 2, 236596855, '2019-3-1 14:51:17', '2019-3-1 14:53:48', NULL, 3),
		(154, 1, 330786408, '2019-3-1 20:22:22', '2019-3-1 20:48:53', NULL, 1),
		(155, 3, 379109291, '2019-3-1 20:43:35', '2019-3-1 21:51:16', NULL, 1),
		(156, 8, 137784062, '2019-3-3 12:12:34', '2019-3-3 13:58:43', NULL, 3),
		(157, 8, 192945160, '2019-3-3 13:17:29', '2019-3-3 15:04:28', NULL, 3),
		(158, 5, 329209886, '2019-3-3 15:04:28', '2019-3-3 18:53:47', NULL, 1),
		(159, 3, 241069319, '2019-3-3 15:44:40', '2019-3-3 19:10:10', NULL, 2),
		(160, 8, 162937983, '2019-3-4 13:13:44', '2019-3-4 13:34:29', NULL, 1),
		(161, 6, 121200429, '2019-3-4 13:55:17', '2019-3-4 16:55:58', NULL, 3),
		(162, 3, 133978530, '2019-3-4 18:22:45', '2019-3-4 20:28:40', NULL, 2),
		(163, 7, 148514229, '2019-3-5 16:10:48', '2019-3-5 18:39:30', NULL, 2),
		(164, 5, 242184886, '2019-3-5 19:34:13', '2019-3-5 19:56:30', NULL, 1),
		(165, 4, 240187229, '2019-3-5 21:16:15', '2019-3-5 21:24:47', NULL, 1),
		(166, 2, 216891140, '2019-3-6 16:15:24', '2019-3-6 18:56:43', NULL, 2),
		(167, 2, 141191820, '2019-3-6 21:25:52', '2019-3-6 21:53:55', NULL, 3),
		(168, 6, 324536911, '2019-3-7 12:07:57', '2019-3-7 14:32:24', NULL, 3),
		(169, 4, 188533288, '2019-3-7 14:44:22', '2019-3-7 16:53:51', NULL, 3),
		(170, 7, 239933374, '2019-3-7 18:23:50', '2019-3-7 19:06:19', NULL, 2),
		(171, 6, 365228360, '2019-3-7 19:39:50', '2019-3-7 21:06:34', NULL, 2),
		(172, 1, 109542704, '2019-3-7 20:55:12', '2019-3-7 21:52:44', NULL, 3),
		(173, 3, 314635909, '2019-3-9 17:58:55', '2019-3-9 18:36:48', NULL, 1),
		(174, 1, 117623241, '2019-3-9 18:36:48', '2019-3-9 20:20:35', NULL, 3),
		(175, 3, 365588428, '2019-3-9 19:26:43', '2019-3-9 19:34:40', NULL, 3),
		(176, 3, 371517610, '2019-3-10 13:07:26', '2019-3-10 16:47:47', NULL, 3),
		(177, 3, 239933374, '2019-3-11 23:15:24', '2019-3-11 23:40:26', NULL, 3),
		(178, 5, 120591864, '2019-3-12 12:17:43', '2019-3-12 14:12:38', NULL, 2),
		(179, 1, 159359463, '2019-3-12 13:54:17', '2019-3-12 16:24:28', NULL, 2),
		(180, 6, 115590124, '2019-3-13 15:25:12', '2019-3-13 19:01:52', NULL, 1),
		(181, 4, 180545224, '2019-3-13 22:54:17', '2019-3-13 23:46:12', NULL, 2),
		(182, 2, 228126114, '2019-3-14 14:39:25', '2019-3-14 17:41:32', NULL, 3),
		(183, 5, 363285397, '2019-3-14 18:54:58', '2019-3-14 20:22:37', NULL, 3),
		(184, 7, 301985943, '2019-3-15 20:04:31', '2019-3-15 22:34:22', NULL, 1),
		(185, 5, 365360921, '2019-3-17 12:23:51', '2019-3-17 14:49:21', NULL, 1),
		(186, 2, 236596855, '2019-3-17 15:09:10', '2019-3-17 17:59:28', NULL, 2),
		(187, 7, 246575695, '2019-3-17 20:18:52', '2019-3-17 22:59:50', NULL, 3),
		(188, 2, 186962121, '2019-3-18 11:17:59', '2019-3-18 14:48:54', NULL, 2),
		(189, 3, 341987378, '2019-3-18 16:14:44', '2019-3-18 18:29:47', NULL, 3),
		(190, 4, 277912986, '2019-3-19 12:48:46', '2019-3-19 16:16:24', NULL, 2),
		(191, 4, 171250949, '2019-3-19 15:02:59', '2019-3-19 15:57:14', NULL, 2),
		(192, 4, 203901574, '2019-3-19 16:16:27', '2019-3-19 18:51:27', NULL, 3),
		(193, 4, 381265519, '2019-3-20 13:42:45', '2019-3-20 17:15:47', NULL, 2),
		(194, 5, 371603165, '2019-3-20 17:42:29', '2019-3-20 21:18:51', NULL, 2),
		(195, 4, 356014300, '2019-3-20 19:47:27', '2019-3-20 20:39:22', NULL, 3),
		(196, 5, 109424511, '2019-3-21 13:35:14', '2019-3-21 16:06:43', NULL, 3),
		(197, 3, 301985943, '2019-3-21 14:33:55', '2019-3-21 17:24:14', NULL, 2),
		(198, 8, 352052174, '2019-3-21 20:57:21', '2019-3-21 23:05:41', NULL, 3),
		(199, 2, 130199293, '2019-3-22 17:08:20', '2019-3-22 20:47:10', NULL, 1),
		(200, 8, 249155825, '2019-3-22 18:21:13', '2019-3-22 18:48:14', NULL, 1),
		(201, 7, 180545224, '2019-3-22 18:21:13', '2019-3-22 19:21:43', NULL, 3),
		(202, 5, 244605971, '2019-3-22 21:03:44', '2019-3-22 21:21:12', NULL, 2),
		(203, 6, 166873059, '2019-3-23 11:39:30', '2019-3-23 15:01:43', NULL, 1),
		(204, 4, 115590124, '2019-3-23 15:07:43', '2019-3-23 18:59:56', NULL, 2),
		(205, 7, 109542704, '2019-3-24 11:34:56', '2019-3-24 14:31:40', NULL, 3),
		(206, 3, 185527720, '2019-3-24 12:18:19', '2019-3-24 16:05:38', NULL, 1),
		(207, 1, 241069319, '2019-3-24 15:57:16', '2019-3-24 18:13:47', NULL, 3),
		(208, 7, 216891140, '2019-3-25 16:45:31', '2019-3-25 18:42:37', NULL, 2),
		(209, 4, 237384893, '2019-3-25 21:01:35', '2019-3-25 21:50:41', NULL, 1),
		(210, 2, 373239805, '2019-3-26 14:53:20', '2019-3-26 15:43:40', NULL, 3),
		(211, 8, 146598861, '2019-3-26 17:07:46', '2019-3-26 18:07:57', NULL, 2),
		(212, 3, 350765083, '2019-3-27 11:28:23', '2019-3-27 12:01:29', NULL, 3),
		(213, 8, 142630869, '2019-3-27 11:28:23', '2019-3-27 12:44:18', NULL, 3),
		(214, 2, 102665980, '2019-3-27 16:44:46', '2019-3-27 19:11:37', NULL, 1),
		(215, 2, 213265496, '2019-3-27 20:53:19', '2019-3-27 20:54:40', NULL, 2),
		(216, 3, 171250949, '2019-3-28 15:02:53', '2019-3-28 16:26:48', NULL, 3),
		(217, 3, 163901303, '2019-3-29 13:22:36', '2019-3-29 14:33:47', NULL, 3),
		(218, 8, 117623241, '2019-3-29 14:15:26', '2019-3-29 15:24:19', NULL, 2),
		(219, 7, 331776339, '2019-3-29 16:48:39', '2019-3-29 17:54:37', NULL, 3),
		(220, 3, 282737538, '2019-3-30 12:33:53', '2019-3-30 12:57:12', NULL, 1),
		(221, 6, 192337123, '2019-4-1 17:20:41', '2019-4-1 19:19:32', NULL, 3),
		(222, 5, 339923277, '2019-4-1 20:54:37', '2019-4-1 21:13:30', NULL, 2),
		(223, 5, 241560214, '2019-4-2 11:56:17', '2019-4-2 13:28:42', NULL, 2),
		(224, 6, 120591864, '2019-4-3 11:41:34', '2019-4-3 15:01:28', NULL, 1),
		(225, 6, 185527720, '2019-4-3 16:44:45', '2019-4-3 20:11:24', NULL, 1),
		(226, 7, 341317873, '2019-4-3 18:29:16', '2019-4-3 21:18:21', NULL, 2),
		(227, 1, 230447059, '2019-4-4 11:12:11', '2019-4-4 12:14:22', NULL, 1),
		(228, 5, 213859880, '2019-4-4 12:21:34', '2019-4-4 15:15:25', NULL, 1),
		(229, 3, 186962121, '2019-4-4 15:06:36', '2019-4-4 15:45:19', NULL, 2),
		(230, 4, 152371021, '2019-4-5 21:10:29', '2019-4-5 22:41:18', NULL, 1),
		(231, 5, 228126114, '2019-4-6 11:42:20', '2019-4-6 13:23:27', NULL, 1),
		(232, 5, 215915710, '2019-4-6 17:39:58', '2019-4-6 18:22:44', NULL, 2),
		(233, 2, 186831947, '2019-4-6 19:21:54', '2019-4-6 20:16:49', NULL, 3),
		(234, 2, 314635909, '2019-4-7 17:40:58', '2019-4-7 20:49:22', NULL, 1),
		(235, 8, 397977574, '2019-4-7 18:08:41', '2019-4-7 19:37:53', NULL, 3),
		(236, 3, 133231622, '2019-4-8 18:31:13', '2019-4-8 21:15:59', NULL, 2),
		(237, 6, 120591864, '2019-4-8 19:14:40', '2019-4-8 19:25:16', NULL, 2),
		(238, 6, 397977574, '2019-4-9 14:59:56', '2019-4-9 15:16:51', NULL, 1),
		(239, 2, 339923277, '2019-4-9 20:28:37', '2019-4-9 22:18:35', NULL, 2),
		(240, 3, 350018831, '2019-4-10 11:25:30', '2019-4-10 15:28:11', NULL, 3),
		(241, 5, 329209886, '2019-4-10 17:48:19', '2019-4-10 19:37:44', NULL, 3),
		(242, 8, 379931361, '2019-4-11 13:04:47', '2019-4-11 14:26:24', NULL, 3),
		(243, 2, 367806810, '2019-4-11 14:50:41', '2019-4-11 15:05:50', NULL, 1),
		(244, 1, 363400837, '2019-4-11 19:21:51', '2019-4-11 23:08:52', NULL, 1),
		(245, 6, 275218951, '2019-4-12 14:02:41', '2019-4-12 16:24:45', NULL, 3),
		(246, 6, 350839432, '2019-4-13 11:48:47', '2019-4-13 11:53:24', NULL, 1),
		(247, 1, 325769654, '2019-4-13 12:42:59', '2019-4-13 13:12:37', NULL, 2),
		(248, 7, 350018831, '2019-4-13 13:25:30', '2019-4-13 16:54:55', NULL, 3),
		(249, 7, 194210307, '2019-4-13 15:34:37', '2019-4-13 16:24:51', NULL, 1),
		(250, 8, 161145778, '2019-4-13 20:49:37', '2019-4-13 22:20:15', NULL, 2),
		(251, 1, 130199293, '2019-4-14 11:32:28', '2019-4-14 13:55:34', NULL, 3),
		(252, 4, 353856516, '2019-4-14 14:58:52', '2019-4-14 15:42:40', NULL, 1),
		(253, 7, 223398184, '2019-4-14 16:10:46', '2019-4-14 18:24:16', NULL, 2),
		(254, 1, 202674760, '2019-4-15 16:29:51', '2019-4-15 19:37:41', NULL, 1),
		(255, 3, 162937983, '2019-4-15 19:19:15', '2019-4-15 22:21:22', NULL, 2),
		(256, 2, 109424511, '2019-4-16 21:05:37', '2019-4-16 22:38:36', NULL, 2),
		(257, 8, 191946443, '2019-4-17 15:43:20', '2019-4-17 16:06:47', NULL, 1),
		(258, 4, 361171294, '2019-4-17 17:54:34', '2019-4-17 21:50:38', NULL, 1),
		(259, 1, 163040239, '2019-4-17 19:02:39', '2019-4-17 22:26:31', NULL, 1),
		(260, 5, 213604134, '2019-4-17 22:26:31', '2019-4-17 23:54:24', NULL, 1),
		(261, 4, 275262560, '2019-4-17 23:14:52', '2019-4-17 23:54:24', NULL, 1),
		(262, 5, 193624829, '2019-4-18 11:03:26', '2019-4-18 14:38:36', NULL, 1),
		(263, 2, 163040239, '2019-4-18 11:23:50', '2019-4-18 14:38:36', NULL, 1),
		(264, 4, 344724699, '2019-4-18 13:33:30', '2019-4-18 14:52:39', NULL, 1),
		(265, 4, 277912986, '2019-4-18 18:43:39', '2019-4-18 20:15:15', NULL, 2),
		(266, 2, 360978113, '2019-4-20 15:06:54', '2019-4-20 15:34:50', NULL, 1),
		(267, 2, 241560214, '2019-4-20 16:20:51', '2019-4-20 18:10:40', NULL, 3),
		(268, 6, 198812059, '2019-4-20 18:10:40', '2019-4-20 20:49:57', NULL, 3),
		(269, 5, 200732852, '2019-4-20 22:04:26', '2019-4-20 22:08:27', NULL, 3),
		(270, 5, 375549507, '2019-4-21 14:40:48', '2019-4-21 18:14:25', NULL, 2),
		(271, 8, 230116011, '2019-4-21 15:25:38', '2019-4-21 15:56:36', NULL, 1),
		(272, 5, 121200429, '2019-4-22 11:34:36', '2019-4-22 12:37:12', NULL, 2),
		(273, 7, 151988314, '2019-4-22 19:59:33', '2019-4-22 23:50:47', NULL, 1),
		(274, 6, 198812059, '2019-4-22 20:23:28', '2019-4-22 22:57:41', NULL, 2),
		(275, 6, 198812059, '2019-4-23 15:05:22', '2019-4-23 17:22:57', NULL, 1),
		(276, 3, 163040239, '2019-4-23 15:59:37', '2019-4-23 19:28:44', NULL, 2),
		(277, 4, 162937983, '2019-4-23 17:22:57', '2019-4-23 20:18:41', NULL, 3),
		(278, 5, 192337123, '2019-4-23 19:28:44', '2019-4-23 21:15:43', NULL, 2),
		(279, 2, 116438184, '2019-4-24 14:35:37', '2019-4-24 15:26:43', NULL, 3),
		(280, 1, 205683603, '2019-4-24 15:32:17', '2019-4-24 15:43:21', NULL, 3),
		(281, 8, 372248913, '2019-4-24 17:10:52', '2019-4-24 20:11:26', NULL, 3),
		(282, 8, 188533288, '2019-4-24 19:35:10', '2019-4-24 20:40:42', NULL, 2),
		(283, 2, 381265519, '2019-4-25 11:25:21', '2019-4-25 13:04:44', NULL, 3),
		(284, 3, 120591864, '2019-4-25 16:50:33', '2019-4-25 17:37:52', NULL, 3),
		(285, 5, 241560214, '2019-4-26 11:04:36', '2019-4-26 12:11:22', NULL, 3),
		(286, 1, 192337123, '2019-4-26 12:57:35', '2019-4-26 14:57:30', NULL, 2),
		(287, 3, 185527720, '2019-4-27 12:17:52', '2019-4-27 13:56:50', NULL, 1),
		(288, 7, 141713929, '2019-4-27 13:51:13', '2019-4-27 16:17:29', NULL, 1),
		(289, 4, 203901574, '2019-4-27 14:40:31', '2019-4-27 17:04:31', NULL, 1),
		(290, 1, 120591864, '2019-4-27 18:51:13', '2019-4-27 21:46:34', NULL, 2),
		(291, 6, 379109291, '2019-4-28 11:49:44', '2019-4-28 12:18:44', NULL, 2),
		(292, 7, 150552528, '2019-4-28 20:53:43', '2019-4-28 21:33:38', NULL, 1),
		(293, 4, 363400837, '2019-4-29 12:12:50', '2019-4-29 15:16:59', NULL, 1),
		(294, 4, 275262560, '2019-4-29 12:53:25', '2019-4-29 15:26:58', NULL, 3),
		(295, 3, 121200429, '2019-4-29 20:46:56', '2019-4-29 23:03:16', NULL, 1),
		(296, 5, 152371021, '2019-4-30 11:21:32', '2019-4-30 14:59:49', NULL, 3),
		(297, 4, 363285397, '2019-4-30 14:59:49', '2019-4-30 15:27:54', NULL, 2),
		(298, 7, 130199293, '2019-5-1 19:16:19', '2019-5-1 22:59:47', NULL, 3),
		(299, 2, 166873059, '2019-5-1 22:59:47', '2019-5-1 23:19:25', NULL, 1),
		(300, 8, 228126114, '2019-5-2 11:53:42', '2019-5-2 13:55:45', NULL, 1),
		(301, 4, 246558960, '2019-5-2 13:55:45', '2019-5-2 15:35:48', NULL, 3),
		(302, 5, 383334247, '2019-5-2 22:07:42', '2019-5-2 22:33:49', NULL, 2),
		(303, 3, 379530029, '2019-5-3 14:25:49', '2019-5-3 16:40:16', NULL, 2),
		(304, 6, 228126114, '2019-5-4 18:26:20', '2019-5-4 22:01:47', NULL, 1),
		(305, 1, 241069319, '2019-5-4 20:13:34', '2019-5-4 23:54:51', NULL, 1),
		(306, 3, 294916500, '2019-5-5 14:47:32', '2019-5-5 18:01:41', NULL, 2),
		(307, 1, 348958772, '2019-5-6 18:37:52', '2019-5-6 21:02:56', NULL, 1),
		(308, 4, 360978113, '2019-5-6 20:16:13', '2019-5-6 21:48:47', NULL, 3),
		(309, 6, 203901574, '2019-5-6 21:30:10', '2019-5-6 22:29:32', NULL, 2),
		(310, 6, 159359463, '2019-5-6 22:09:52', '2019-5-6 23:06:41', NULL, 3),
		(311, 7, 314635909, '2019-5-7 21:43:46', '2019-5-7 22:37:32', NULL, 2),
		(312, 3, 239933374, '2019-5-8 12:50:47', '2019-5-8 12:56:12', NULL, 2),
		(313, 2, 249155825, '2019-5-8 14:35:27', '2019-5-8 15:26:39', NULL, 2),
		(314, 1, 198396922, '2019-5-8 19:23:50', '2019-5-8 22:11:32', NULL, 3),
		(315, 4, 213859880, '2019-5-8 21:16:25', '2019-5-8 21:30:56', NULL, 1),
		(316, 6, 123063115, '2019-5-8 22:11:32', '2019-5-8 23:25:31', NULL, 2),
		(317, 3, 330087285, '2019-5-8 22:33:35', '2019-5-8 23:48:22', NULL, 2),
		(318, 2, 161145778, '2019-5-9 11:49:11', '2019-5-9 14:54:14', NULL, 1),
		(319, 4, 180545224, '2019-5-9 13:03:18', '2019-5-9 16:04:51', NULL, 1),
		(320, 2, 329130610, '2019-5-9 15:41:36', '2019-5-9 15:42:32', NULL, 1),
		(321, 4, 383334247, '2019-5-9 17:40:56', '2019-5-9 19:53:44', NULL, 3),
		(322, 6, 117623241, '2019-5-9 18:30:34', '2019-5-9 19:54:18', NULL, 2),
		(323, 6, 146598861, '2019-5-9 22:22:14', '2019-5-9 22:42:37', NULL, 3),
		(324, 1, 188533288, '2019-5-10 14:56:30', '2019-5-10 15:22:35', NULL, 3),
		(325, 4, 381265519, '2019-5-10 17:33:50', '2019-5-10 20:48:29', NULL, 3),
		(326, 6, 363285397, '2019-5-10 21:42:10', '2019-5-10 23:26:48', NULL, 1),
		(327, 7, 121200429, '2019-5-11 16:49:55', '2019-5-11 19:31:41', NULL, 2),
		(328, 2, 275218951, '2019-5-11 18:38:27', '2019-5-11 21:56:25', NULL, 3),
		(329, 2, 397977574, '2019-5-11 22:15:43', '2019-5-11 23:52:38', NULL, 3),
		(330, 1, 341317873, '2019-5-12 11:31:12', '2019-5-12 11:43:56', NULL, 2),
		(331, 6, 133978530, '2019-5-12 11:31:12', '2019-5-12 14:37:53', NULL, 3),
		(332, 8, 350839432, '2019-5-12 19:22:24', '2019-5-12 22:12:17', NULL, 1),
		(333, 5, 219211823, '2019-5-12 19:32:39', '2019-5-12 22:20:43', NULL, 1),
		(334, 2, 109424511, '2019-5-12 20:20:18', '2019-5-12 23:14:29', NULL, 3),
		(335, 1, 116438184, '2019-5-13 14:51:56', '2019-5-13 16:12:16', NULL, 1),
		(336, 3, 152371021, '2019-5-13 17:48:40', '2019-5-13 19:12:39', NULL, 2),
		(337, 7, 272211630, '2019-5-13 17:54:42', '2019-5-13 21:47:49', NULL, 1),
		(338, 6, 216153876, '2019-5-13 20:21:51', '2019-5-13 22:02:24', NULL, 2),
		(339, 2, 314635909, '2019-5-13 20:31:55', '2019-5-13 21:48:56', NULL, 3),
		(340, 4, 213265496, '2019-5-13 20:31:55', '2019-5-13 22:25:40', NULL, 3),
		(341, 2, 219211823, '2019-5-13 20:42:44', '2019-5-13 21:47:23', NULL, 3),
		(342, 3, 374513906, '2019-5-14 12:10:36', '2019-5-14 13:34:44', NULL, 2),
		(343, 5, 282737538, '2019-5-14 18:08:53', '2019-5-14 22:02:24', NULL, 1),
		(344, 5, 314635909, '2019-5-15 11:58:59', '2019-5-15 15:02:14', NULL, 3),
		(345, 6, 239933374, '2019-5-15 21:45:32', '2019-5-15 23:15:46', NULL, 2),
		(346, 2, 230116011, '2019-5-15 22:10:38', '2019-5-15 23:41:57', NULL, 1),
		(347, 4, 205683603, '2019-5-16 12:11:25', '2019-5-16 15:02:35', NULL, 3),
		(348, 4, 371517610, '2019-5-16 19:41:31', '2019-5-16 22:58:25', NULL, 1),
		(349, 2, 240858717, '2019-5-16 21:35:16', '2019-5-16 22:58:25', NULL, 1),
		(350, 7, 230116011, '2019-5-17 12:35:39', '2019-5-17 16:19:58', NULL, 1),
		(351, 7, 294916500, '2019-5-17 20:04:59', '2019-5-17 21:40:40', NULL, 2),
		(352, 8, 240858717, '2019-5-18 17:12:32', '2019-5-18 19:13:38', NULL, 3),
		(353, 5, 200732852, '2019-5-18 18:07:16', '2019-5-18 18:30:34', NULL, 2),
		(354, 2, 228126114, '2019-5-19 11:24:12', '2019-5-19 11:52:12', NULL, 3),
		(355, 1, 134704538, '2019-5-19 12:50:21', '2019-5-19 16:18:41', NULL, 1),
		(356, 2, 198396922, '2019-5-19 13:57:40', '2019-5-19 17:10:33', NULL, 1),
		(357, 4, 133231622, '2019-5-20 13:18:29', '2019-5-20 16:08:29', NULL, 2),
		(358, 4, 239853085, '2019-5-20 18:59:53', '2019-5-20 19:44:15', NULL, 1),
		(359, 8, 120529395, '2019-5-21 14:54:50', '2019-5-21 16:12:58', NULL, 3),
		(360, 8, 129969064, '2019-5-23 15:19:40', '2019-5-23 15:39:58', NULL, 1),
		(361, 8, 108991846, '2019-5-23 15:19:40', '2019-5-23 18:13:26', NULL, 3),
		(362, 4, 123063115, '2019-5-23 19:50:30', '2019-5-23 23:01:16', NULL, 3),
		(363, 3, 239853085, '2019-5-24 13:48:24', '2019-5-24 16:08:37', NULL, 3),
		(364, 3, 205987354, '2019-5-24 14:03:29', '2019-5-24 15:03:59', NULL, 1),
		(365, 4, 109424511, '2019-5-24 20:35:34', '2019-5-24 21:08:12', NULL, 3),
		(366, 3, 372248913, '2019-5-25 11:36:48', '2019-5-25 15:19:37', NULL, 1),
		(367, 4, 213265496, '2019-5-25 11:39:31', '2019-5-25 13:20:53', NULL, 2),
		(368, 8, 223545852, '2019-5-25 11:53:20', '2019-5-25 15:19:37', NULL, 1),
		(369, 7, 120591864, '2019-5-25 17:19:46', '2019-5-25 17:35:52', NULL, 2),
		(370, 5, 137784062, '2019-5-26 18:43:18', '2019-5-26 19:22:51', NULL, 3),
		(371, 4, 379530029, '2019-5-26 18:45:15', '2019-5-26 19:18:34', NULL, 2),
		(372, 6, 109424511, '2019-5-26 20:52:28', '2019-5-26 21:15:15', NULL, 1),
		(373, 4, 294916500, '2019-5-27 15:25:39', '2019-5-27 18:08:40', NULL, 3),
		(374, 6, 371603165, '2019-5-27 15:52:43', '2019-5-27 17:12:50', NULL, 1),
		(375, 8, 133978530, '2019-5-27 17:12:50', '2019-5-27 17:21:36', NULL, 2),
		(376, 6, 129969064, '2019-5-27 19:02:13', '2019-5-27 19:17:44', NULL, 2),
		(377, 8, 294456853, '2019-5-28 13:03:13', '2019-5-28 15:49:26', NULL, 3),
		(378, 2, 219211823, '2019-5-29 12:22:40', '2019-5-29 13:15:42', NULL, 1),
		(379, 3, 111284682, '2019-5-30 13:25:36', '2019-5-30 14:47:24', NULL, 3),
		(380, 4, 162937983, '2019-5-30 15:25:50', '2019-5-30 15:51:18', NULL, 3),
		(381, 1, 240187229, '2019-5-30 15:56:45', '2019-5-30 16:14:14', NULL, 1),
		(382, 1, 198812059, '2019-6-1 11:48:35', '2019-6-1 15:05:57', NULL, 2),
		(383, 3, 241069319, '2019-6-1 20:43:55', '2019-6-1 21:18:43', NULL, 1),
		(384, 6, 383334247, '2019-6-2 18:55:27', '2019-6-2 20:14:29', NULL, 1),
		(385, 1, 213744947, '2019-6-2 18:55:27', '2019-6-2 21:45:24', NULL, 2),
		(386, 5, 241069319, '2019-6-3 13:26:31', '2019-6-3 13:31:32', NULL, 3),
		(387, 2, 203901574, '2019-6-3 16:53:27', '2019-6-3 17:16:27', NULL, 1),
		(388, 5, 350839432, '2019-6-4 14:53:56', '2019-6-4 17:01:32', NULL, 2),
		(389, 8, 133978530, '2019-6-5 14:34:20', '2019-6-5 15:10:10', NULL, 3),
		(390, 8, 243160206, '2019-6-5 17:30:35', '2019-6-5 18:19:18', NULL, 1),
		(391, 4, 252514191, '2019-6-5 17:40:40', '2019-6-5 19:22:19', NULL, 1),
		(392, 8, 150552528, '2019-6-5 20:54:44', '2019-6-5 22:40:57', NULL, 2),
		(393, 1, 192945160, '2019-6-6 11:12:39', '2019-6-6 14:44:53', NULL, 1),
		(394, 7, 373239805, '2019-6-6 13:10:11', '2019-6-6 14:44:53', NULL, 2),
		(395, 7, 373239805, '2019-6-6 20:10:29', '2019-6-6 22:53:19', NULL, 2),
		(396, 7, 240187229, '2019-6-6 20:17:43', '2019-6-6 23:42:18', NULL, 2),
		(397, 8, 244605971, '2019-6-7 11:42:12', '2019-6-7 13:16:10', NULL, 1),
		(398, 3, 130199293, '2019-6-7 12:46:39', '2019-6-7 13:16:10', NULL, 1),
		(399, 7, 356014300, '2019-6-7 13:57:16', '2019-6-7 15:45:32', NULL, 3),
		(400, 6, 111284682, '2019-6-7 18:47:54', '2019-6-7 19:55:52', NULL, 1),
		(401, 3, 180545224, '2019-6-8 17:32:11', '2019-6-8 18:24:47', NULL, 3),
		(402, 3, 379530029, '2019-6-8 20:31:36', '2019-6-8 23:06:42', NULL, 3),
		(403, 7, 365360921, '2019-6-8 21:29:58', '2019-6-8 21:50:50', NULL, 2),
		(404, 2, 185527720, '2019-6-9 11:17:34', '2019-6-9 12:28:53', NULL, 3),
		(405, 5, 116438184, '2019-6-9 19:15:28', '2019-6-9 21:30:52', NULL, 3),
		(406, 7, 339923277, '2019-6-9 19:59:34', '2019-6-9 23:26:33', NULL, 1),
		(407, 4, 310525120, '2019-6-9 20:44:19', '2019-6-9 23:14:11', NULL, 3),
		(408, 3, 277912986, '2019-6-10 18:30:14', '2019-6-10 18:36:53', NULL, 3),
		(409, 6, 240187229, '2019-6-12 14:04:21', '2019-6-12 15:30:24', NULL, 2),
		(410, 6, 244605971, '2019-6-12 15:30:37', '2019-6-12 17:39:24', NULL, 1),
		(411, 4, 202674760, '2019-6-12 15:30:37', '2019-6-12 18:17:32', NULL, 1),
		(412, 3, 350765083, '2019-6-12 17:48:48', '2019-6-12 18:22:34', NULL, 1),
		(413, 3, 123063115, '2019-6-12 21:40:58', '2019-6-12 23:01:33', NULL, 3),
		(414, 2, 192337123, '2019-6-13 13:58:59', '2019-6-13 17:19:55', NULL, 2),
		(415, 1, 350018831, '2019-6-14 18:03:33', '2019-6-14 21:07:45', NULL, 2),
		(416, 1, 107755652, '2019-6-14 20:20:47', '2019-6-14 21:34:32', NULL, 3),
		(417, 5, 202674760, '2019-6-15 11:29:37', '2019-6-15 14:37:40', NULL, 2),
		(418, 8, 331776339, '2019-6-15 11:46:25', '2019-6-15 12:53:54', NULL, 1),
		(419, 3, 360978113, '2019-6-15 11:51:53', '2019-6-15 12:48:39', NULL, 1),
		(420, 4, 213604134, '2019-6-15 12:53:54', '2019-6-15 14:10:47', NULL, 2),
		(421, 4, 314635909, '2019-6-15 13:28:22', '2019-6-15 15:03:10', NULL, 3),
		(422, 3, 243160206, '2019-6-15 14:37:40', '2019-6-15 16:34:14', NULL, 1),
		(423, 5, 352052174, '2019-6-15 15:57:29', '2019-6-15 16:53:40', NULL, 3),
		(424, 4, 379109291, '2019-6-15 16:34:14', '2019-6-15 18:50:29', NULL, 1),
		(425, 4, 301985943, '2019-6-16 12:26:27', '2019-6-16 15:43:35', NULL, 2),
		(426, 7, 371517610, '2019-6-16 15:39:35', '2019-6-16 18:28:26', NULL, 1),
		(427, 4, 381265519, '2019-6-16 16:01:50', '2019-6-16 18:24:16', NULL, 3),
		(428, 4, 163901303, '2019-6-16 16:57:10', '2019-6-16 20:01:13', NULL, 1),
		(429, 3, 159359463, '2019-6-16 18:34:29', '2019-6-16 21:36:21', NULL, 2),
		(430, 3, 330786408, '2019-6-19 13:12:18', '2019-6-19 16:34:52', NULL, 3),
		(431, 8, 301985943, '2019-6-19 19:59:30', '2019-6-19 22:53:11', NULL, 1),
		(432, 7, 360978113, '2019-6-20 14:18:10', '2019-6-20 15:47:32', NULL, 2),
		(433, 4, 344724699, '2019-6-20 15:18:49', '2019-6-20 16:38:30', NULL, 3),
		(434, 4, 202674760, '2019-6-21 15:27:42', '2019-6-21 16:20:28', NULL, 1),
		(435, 7, 219211823, '2019-6-21 16:03:23', '2019-6-21 18:49:57', NULL, 2),
		(436, 7, 131741244, '2019-6-21 16:20:28', '2019-6-21 17:52:38', NULL, 3),
		(437, 6, 223545852, '2019-6-21 18:49:57', '2019-6-21 19:38:23', NULL, 1),
		(438, 4, 241560214, '2019-6-22 12:23:20', '2019-6-22 14:22:42', NULL, 3),
		(439, 6, 215915710, '2019-6-22 15:31:23', '2019-6-22 15:36:14', NULL, 2),
		(440, 7, 108991846, '2019-6-22 15:36:14', '2019-6-22 19:03:13', NULL, 2),
		(441, 8, 223545852, '2019-6-22 18:30:35', '2019-6-22 19:37:28', NULL, 1),
		(442, 2, 301985943, '2019-6-23 15:43:58', '2019-6-23 19:13:14', NULL, 2),
		(443, 4, 159359463, '2019-6-23 18:05:41', '2019-6-23 21:19:58', NULL, 3),
		(444, 2, 363285397, '2019-6-23 20:59:31', '2019-6-23 22:29:36', NULL, 1),
		(445, 1, 150474041, '2019-6-24 13:30:54', '2019-6-24 16:29:28', NULL, 3),
		(446, 7, 215915710, '2019-6-24 19:36:23', '2019-6-24 20:13:35', NULL, 2),
		(447, 7, 152371021, '2019-6-25 12:50:36', '2019-6-25 13:01:14', NULL, 2),
		(448, 7, 223545852, '2019-6-25 15:03:41', '2019-6-25 15:50:52', NULL, 3),
		(449, 1, 213744947, '2019-6-25 17:13:40', '2019-6-25 17:41:44', NULL, 2),
		(450, 7, 130199293, '2019-6-25 17:41:44', '2019-6-25 18:17:54', NULL, 2),
		(451, 7, 384247656, '2019-6-25 17:59:12', '2019-6-25 19:07:52', NULL, 3),
		(452, 8, 198812059, '2019-6-26 12:38:24', '2019-6-26 14:20:15', NULL, 1),
		(453, 1, 120591864, '2019-6-26 13:55:50', '2019-6-26 16:50:39', NULL, 2),
		(454, 6, 146598861, '2019-6-27 15:06:44', '2019-6-27 17:28:46', NULL, 2),
		(455, 1, 133231622, '2019-6-27 17:24:40', '2019-6-27 19:58:31', NULL, 3),
		(456, 6, 330786408, '2019-6-28 19:12:22', '2019-6-28 22:56:49', NULL, 1),
		(457, 8, 216891140, '2019-6-29 14:32:50', '2019-6-29 15:53:21', NULL, 3),
		(458, 5, 236596855, '2019-7-1 12:03:31', '2019-7-1 13:55:12', NULL, 3),
		(459, 7, 141191820, '2019-7-1 13:04:44', '2019-7-1 16:45:36', NULL, 2),
		(460, 8, 375549507, '2019-7-1 21:04:33', '2019-7-1 23:47:43', NULL, 1),
		(461, 7, 193624829, '2019-7-2 13:31:35', '2019-7-2 17:09:33', NULL, 1),
		(462, 4, 230447059, '2019-7-3 18:56:11', '2019-7-3 20:54:18', NULL, 3),
		(463, 2, 225971631, '2019-7-3 19:12:18', '2019-7-3 19:59:33', NULL, 3),
		(464, 6, 102381502, '2019-7-4 12:21:44', '2019-7-4 12:52:57', NULL, 2),
		(465, 7, 379109291, '2019-7-5 13:30:19', '2019-7-5 14:06:14', NULL, 2),
		(466, 2, 230116011, '2019-7-5 14:06:14', '2019-7-5 16:14:47', NULL, 2),
		(467, 4, 383334247, '2019-7-5 17:35:12', '2019-7-5 21:24:10', NULL, 3),
		(468, 3, 353856516, '2019-7-6 14:32:16', '2019-7-6 14:54:27', NULL, 1),
		(469, 7, 239933374, '2019-7-6 17:03:20', '2019-7-6 19:44:17', NULL, 2),
		(470, 7, 141713929, '2019-7-6 19:52:19', '2019-7-6 22:06:59', NULL, 2),
		(471, 7, 213744947, '2019-7-6 19:56:18', '2019-7-6 21:23:20', NULL, 3),
		(472, 1, 230116011, '2019-7-6 20:30:59', '2019-7-6 23:21:43', NULL, 3),
		(473, 5, 102381502, '2019-7-6 21:40:55', '2019-7-6 22:40:44', NULL, 3),
		(474, 1, 240187229, '2019-7-7 17:54:50', '2019-7-7 20:27:13', NULL, 1),
		(475, 1, 205683603, '2019-7-7 21:51:57', '2019-7-7 22:41:50', NULL, 2),
		(476, 8, 379530029, '2019-7-8 11:30:56', '2019-7-8 11:31:41', NULL, 2),
		(477, 3, 223398184, '2019-7-8 16:50:50', '2019-7-8 20:06:23', NULL, 3),
		(478, 3, 330786408, '2019-7-8 17:50:53', '2019-7-8 18:37:17', NULL, 1),
		(479, 5, 353856516, '2019-7-8 21:57:49', '2019-7-8 23:28:56', NULL, 2),
		(480, 7, 107755652, '2019-7-9 14:43:41', '2019-7-9 17:52:23', NULL, 2),
		(481, 5, 141713929, '2019-7-9 16:27:34', '2019-7-9 18:22:35', NULL, 2),
		(482, 1, 397977574, '2019-7-9 20:59:19', '2019-7-9 23:02:23', NULL, 3),
		(483, 1, 363400837, '2019-7-11 16:31:17', '2019-7-11 16:56:53', NULL, 3),
		(484, 6, 394260614, '2019-7-11 17:47:53', '2019-7-11 18:23:38', NULL, 1),
		(485, 7, 252514191, '2019-7-11 18:37:53', '2019-7-11 22:21:17', NULL, 2),
		(486, 2, 361171294, '2019-7-11 18:57:38', '2019-7-11 19:45:24', NULL, 3),
		(487, 2, 159359463, '2019-7-12 15:54:55', '2019-7-12 16:48:50', NULL, 2),
		(488, 6, 213859880, '2019-7-13 12:22:35', '2019-7-13 14:08:38', NULL, 1),
		(489, 5, 358521722, '2019-7-13 12:47:12', '2019-7-13 16:44:34', NULL, 3),
		(490, 8, 239933374, '2019-7-13 18:56:34', '2019-7-13 19:34:45', NULL, 1),
		(491, 8, 117623241, '2019-7-14 17:19:56', '2019-7-14 18:04:21', NULL, 3),
		(492, 8, 163040239, '2019-7-14 17:24:22', '2019-7-14 19:03:47', NULL, 2),
		(493, 1, 331776339, '2019-7-14 19:03:47', '2019-7-14 19:34:54', NULL, 2),
		(494, 4, 352052174, '2019-7-14 19:03:47', '2019-7-14 21:03:32', NULL, 2),
		(495, 5, 277912986, '2019-7-15 17:33:36', '2019-7-15 21:12:30', NULL, 1),
		(496, 5, 130199293, '2019-7-16 12:58:57', '2019-7-16 13:33:29', NULL, 1),
		(497, 2, 120591864, '2019-7-16 14:54:17', '2019-7-16 15:01:52', NULL, 1),
		(498, 5, 350839432, '2019-7-16 14:54:17', '2019-7-16 15:38:44', NULL, 3),
		(499, 3, 133809434, '2019-7-16 17:17:38', '2019-7-16 20:37:45', NULL, 1),
		(500, 7, 152577589, '2019-7-16 19:54:52', '2019-7-16 21:10:46', NULL, 1),
		(501, 3, 287912198, '2019-7-16 20:14:23', '2019-7-16 23:56:22', NULL, 1),
		(502, 6, 185377055, '2019-7-16 21:41:21', '2019-7-16 22:05:39', NULL, 1),
		(503, 5, 329130610, '2019-7-17 13:44:51', '2019-7-17 16:36:42', NULL, 2),
		(504, 4, 361171294, '2019-7-17 14:14:43', '2019-7-17 18:02:50', NULL, 3),
		(505, 7, 133809434, '2019-7-17 21:08:57', '2019-7-17 23:55:49', NULL, 2),
		(506, 2, 123063115, '2019-7-17 22:35:28', '2019-7-17 23:55:49', NULL, 1),
		(507, 1, 131741244, '2019-7-19 17:38:12', '2019-7-19 20:48:49', NULL, 1),
		(508, 4, 236596855, '2019-7-19 20:12:18', '2019-7-19 23:19:23', NULL, 3),
		(509, 5, 116438184, '2019-7-20 12:42:23', '2019-7-20 14:31:45', NULL, 3),
		(510, 2, 360978113, '2019-7-20 18:44:17', '2019-7-20 19:51:22', NULL, 3),
		(511, 4, 339923277, '2019-7-20 20:18:24', '2019-7-20 22:55:43', NULL, 3),
		(512, 4, 358521722, '2019-7-21 15:03:17', '2019-7-21 18:51:21', NULL, 2),
		(513, 5, 117623241, '2019-7-21 17:14:25', '2019-7-21 17:19:57', NULL, 1),
		(514, 1, 361171294, '2019-7-21 17:19:57', '2019-7-21 21:21:28', NULL, 1),
		(515, 8, 223545852, '2019-7-21 20:21:53', '2019-7-21 20:47:22', NULL, 3),
		(516, 1, 350018831, '2019-7-22 16:49:23', '2019-7-22 17:41:48', NULL, 2),
		(517, 2, 275218951, '2019-7-22 22:54:51', '2019-7-22 23:08:29', NULL, 2),
		(518, 7, 332365514, '2019-7-23 12:57:58', '2019-7-23 15:44:25', NULL, 1),
		(519, 7, 272211630, '2019-7-23 16:52:29', '2019-7-23 17:27:20', NULL, 3),
		(520, 1, 282737538, '2019-7-23 17:39:40', '2019-7-23 19:11:28', NULL, 2),
		(521, 8, 294456853, '2019-7-23 18:46:30', '2019-7-23 22:22:33', NULL, 1),
		(522, 1, 133328435, '2019-7-25 12:53:45', '2019-7-25 16:11:20', NULL, 1),
		(523, 3, 350839432, '2019-7-25 15:29:48', '2019-7-25 18:29:19', NULL, 2),
		(524, 2, 150474041, '2019-7-25 20:14:45', '2019-7-25 23:14:21', NULL, 3),
		(525, 2, 131537841, '2019-7-26 13:52:43', '2019-7-26 17:06:31', NULL, 2),
		(526, 5, 275262560, '2019-7-27 12:56:51', '2019-7-27 15:04:21', NULL, 1),
		(527, 4, 365360921, '2019-7-28 14:18:23', '2019-7-28 15:21:39', NULL, 3),
		(528, 8, 341987378, '2019-7-28 17:39:46', '2019-7-28 17:43:32', NULL, 3),
		(529, 4, 244605971, '2019-7-29 11:55:28', '2019-7-29 14:38:53', NULL, 3),
		(530, 1, 191946443, '2019-7-29 13:29:50', '2019-7-29 14:46:40', NULL, 2),
		(531, 1, 121200429, '2019-7-29 19:24:49', '2019-7-29 22:36:32', NULL, 1),
		(532, 3, 329130610, '2019-7-29 22:17:50', '2019-7-29 22:36:32', NULL, 3),
		(533, 7, 216153876, '2019-7-30 16:01:15', '2019-7-30 16:16:12', NULL, 3),
		(534, 7, 159359463, '2019-7-30 17:15:20', '2019-7-30 18:05:44', NULL, 3),
		(535, 2, 216153876, '2019-7-30 22:14:16', '2019-7-30 22:36:58', NULL, 2),
		(536, 7, 159359463, '2019-8-1 16:13:22', '2019-8-1 17:11:33', NULL, 1),
		(537, 7, 379109291, '2019-8-1 16:58:49', '2019-8-1 18:05:44', NULL, 3),
		(538, 6, 353856516, '2019-8-1 19:37:16', '2019-8-1 23:01:46', NULL, 1),
		(539, 7, 120591864, '2019-8-2 21:17:26', '2019-8-2 21:56:11', NULL, 1),
		(540, 2, 383334247, '2019-8-3 16:12:31', '2019-8-3 17:25:43', NULL, 2),
		(541, 1, 241560214, '2019-8-3 18:10:13', '2019-8-3 21:44:56', NULL, 3),
		(542, 6, 287912198, '2019-8-4 11:49:26', '2019-8-4 14:37:28', NULL, 3),
		(543, 7, 365588428, '2019-8-4 18:13:45', '2019-8-4 20:04:17', NULL, 2),
		(544, 1, 236596855, '2019-8-6 16:06:25', '2019-8-6 19:46:49', NULL, 2),
		(545, 3, 294456853, '2019-8-6 20:30:49', '2019-8-6 23:26:18', NULL, 2),
		(546, 4, 383334247, '2019-8-7 13:02:32', '2019-8-7 14:16:23', NULL, 1),
		(547, 7, 246575695, '2019-8-7 13:37:13', '2019-8-7 13:54:28', NULL, 3),
		(548, 6, 159359463, '2019-8-9 17:40:18', '2019-8-9 18:15:13', NULL, 3),
		(549, 2, 325769654, '2019-8-10 14:50:24', '2019-8-10 17:30:29', NULL, 2),
		(550, 4, 120529395, '2019-8-11 12:15:27', '2019-8-11 13:50:27', NULL, 2),
		(551, 7, 185527720, '2019-8-11 17:35:30', '2019-8-11 21:53:33', NULL, 2),
		(552, 4, 275218951, '2019-8-11 20:20:22', '2019-8-11 23:18:38', NULL, 1),
		(553, 7, 331776339, '2019-8-13 16:49:44', '2019-8-13 17:08:22', NULL, 2),
		(554, 8, 107755652, '2019-8-14 12:54:47', '2019-8-14 13:36:21', NULL, 3),
		(555, 6, 240858717, '2019-8-14 15:26:37', '2019-8-14 18:35:26', NULL, 2),
		(556, 2, 213604134, '2019-8-14 16:07:15', '2019-8-14 16:07:28', NULL, 1),
		(557, 3, 240187229, '2019-8-14 17:52:35', '2019-8-14 20:20:38', NULL, 3),
		(558, 7, 198396922, '2019-8-14 19:28:43', '2019-8-14 20:20:38', NULL, 2),
		(559, 8, 272211630, '2019-8-15 11:23:21', '2019-8-15 12:45:12', NULL, 3),
		(560, 4, 134704538, '2019-8-15 11:39:13', '2019-8-15 15:21:42', NULL, 1),
		(561, 7, 188533288, '2019-8-15 17:39:30', '2019-8-15 19:42:35', NULL, 3),
		(562, 3, 185377055, '2019-8-16 16:10:31', '2019-8-16 18:09:45', NULL, 1),
		(563, 2, 394260614, '2019-8-16 16:43:48', '2019-8-16 20:22:58', NULL, 3),
		(564, 1, 379931361, '2019-8-17 12:23:42', '2019-8-17 13:36:12', NULL, 1),
		(565, 3, 120529395, '2019-8-17 19:50:15', '2019-8-17 20:04:20', NULL, 2),
		(566, 6, 379931361, '2019-8-18 13:12:46', '2019-8-18 14:03:29', NULL, 2),
		(567, 8, 324536911, '2019-8-18 22:14:26', '2019-8-18 22:28:31', NULL, 3),
		(568, 3, 188533288, '2019-8-19 16:33:52', '2019-8-19 17:10:44', NULL, 1),
		(569, 7, 166873059, '2019-8-19 21:18:41', '2019-8-19 21:57:48', NULL, 1),
		(570, 8, 107755652, '2019-8-20 16:28:40', '2019-8-20 17:50:31', NULL, 2),
		(571, 5, 350018831, '2019-8-20 20:31:40', '2019-8-20 21:30:52', NULL, 3),
		(572, 5, 242184886, '2019-8-21 14:31:51', '2019-8-21 14:41:11', NULL, 1),
		(573, 8, 381265519, '2019-8-21 18:38:10', '2019-8-21 21:45:49', NULL, 1),
		(574, 5, 240187229, '2019-8-21 19:34:10', '2019-8-21 20:40:58', NULL, 3),
		(575, 2, 397977574, '2019-8-21 19:36:21', '2019-8-21 21:45:46', NULL, 1),
		(576, 8, 383334247, '2019-8-22 11:07:46', '2019-8-22 13:22:26', NULL, 2),
		(577, 1, 384247656, '2019-8-22 12:07:29', '2019-8-22 15:03:13', NULL, 2),
		(578, 4, 379109291, '2019-8-22 15:22:42', '2019-8-22 16:47:12', NULL, 3),
		(579, 1, 213604134, '2019-8-23 11:28:51', '2019-8-23 12:42:29', NULL, 1),
		(580, 1, 365360921, '2019-8-24 13:55:20', '2019-8-24 15:18:18', NULL, 2),
		(581, 2, 282737538, '2019-8-24 17:09:57', '2019-8-24 18:53:38', NULL, 2),
		(582, 4, 330786408, '2019-8-25 16:49:43', '2019-8-25 17:56:35', NULL, 3),
		(583, 4, 198812059, '2019-8-25 20:22:31', '2019-8-25 21:54:31', NULL, 3),
		(584, 3, 133809434, '2019-8-25 23:17:35', '2019-8-25 23:34:42', NULL, 1),
		(585, 4, 202674760, '2019-8-26 15:08:24', '2019-8-26 17:41:46', NULL, 3),
		(586, 7, 331776339, '2019-8-27 12:30:14', '2019-8-27 14:47:54', NULL, 1),
		(587, 8, 132770971, '2019-8-27 16:07:17', '2019-8-27 18:18:29', NULL, 3),
		(588, 4, 161145778, '2019-8-28 14:58:27', '2019-8-28 17:53:27', NULL, 1),
		(589, 5, 365588428, '2019-8-29 18:28:58', '2019-8-29 18:51:20', NULL, 3),
		(590, 8, 373239805, '2019-8-29 19:46:15', '2019-8-29 21:17:32', NULL, 3),
		(591, 1, 206693058, '2019-8-29 20:19:12', '2019-8-29 22:36:23', NULL, 1),
		(592, 2, 150552528, '2019-8-30 12:56:46', '2019-8-30 16:42:27', NULL, 3),
		(593, 3, 216891140, '2019-9-1 11:57:43', '2019-9-1 13:30:14', NULL, 1),
		(594, 6, 252514191, '2019-9-1 13:49:27', '2019-9-1 14:57:46', NULL, 2),
		(595, 8, 379109291, '2019-9-1 19:06:21', '2019-9-1 20:04:23', NULL, 1),
		(596, 6, 241560214, '2019-9-1 20:04:23', '2019-9-1 20:53:29', NULL, 2),
		(597, 2, 363285397, '2019-9-2 12:15:24', '2019-9-2 14:07:35', NULL, 1),
		(598, 5, 141713929, '2019-9-2 19:35:28', '2019-9-2 20:12:10', NULL, 3),
		(599, 5, 137784062, '2019-9-3 13:47:42', '2019-9-3 13:53:33', NULL, 1),
		(600, 7, 315945138, '2019-9-3 20:13:35', '2019-9-3 21:04:30', NULL, 1),
		(601, 6, 205683603, '2019-9-4 14:09:42', '2019-9-4 15:30:54', NULL, 2),
		(602, 2, 213859880, '2019-9-4 20:36:25', '2019-9-4 22:30:58', NULL, 1),
		(603, 6, 108991846, '2019-9-5 11:51:11', '2019-9-5 12:03:17', NULL, 2),
		(604, 8, 116438184, '2019-9-5 12:57:49', '2019-9-5 14:18:26', NULL, 3),
		(605, 6, 203901574, '2019-9-6 16:17:30', '2019-9-6 18:29:46', NULL, 1),
		(606, 5, 332365514, '2019-9-6 19:12:21', '2019-9-6 22:21:58', NULL, 1),
		(607, 1, 287912198, '2019-9-6 22:21:58', '2019-9-6 22:25:15', NULL, 3),
		(608, 1, 206693058, '2019-9-7 13:26:52', '2019-9-7 14:57:36', NULL, 1),
		(609, 1, 191073788, '2019-9-7 14:21:49', '2019-9-7 14:56:36', NULL, 3),
		(610, 1, 133809434, '2019-9-7 18:40:52', '2019-9-7 19:39:37', NULL, 2),
		(611, 7, 352052174, '2019-9-7 19:32:40', '2019-9-7 23:52:23', NULL, 1),
		(612, 2, 371517610, '2019-9-8 19:29:19', '2019-9-8 23:19:52', NULL, 2),
		(613, 6, 192337123, '2019-9-8 20:31:55', '2019-9-8 21:41:40', NULL, 2),
		(614, 6, 381265519, '2019-9-9 11:21:21', '2019-9-9 12:21:16', NULL, 3),
		(615, 1, 242184886, '2019-9-9 19:48:53', '2019-9-9 23:19:24', NULL, 3),
		(616, 5, 133328435, '2019-9-9 20:05:46', '2019-9-9 22:51:47', NULL, 2),
		(617, 5, 228126114, '2019-9-10 11:25:36', '2019-9-10 13:11:51', NULL, 1),
		(618, 6, 256215550, '2019-9-10 13:24:58', '2019-9-10 15:58:18', NULL, 3),
		(619, 4, 141191820, '2019-9-11 11:36:27', '2019-9-11 12:28:24', NULL, 3),
		(620, 6, 294916500, '2019-9-11 12:11:21', '2019-9-11 15:59:21', NULL, 3),
		(621, 4, 150474041, '2019-9-11 15:07:38', '2019-9-11 16:14:35', NULL, 2),
		(622, 2, 150474041, '2019-9-11 17:15:22', '2019-9-11 21:45:34', NULL, 3),
		(623, 4, 242184886, '2019-9-11 19:56:37', '2019-9-11 22:58:30', NULL, 2),
		(624, 3, 121200429, '2019-9-14 13:43:26', '2019-9-14 15:29:12', NULL, 1),
		(625, 6, 180545224, '2019-9-14 13:43:26', '2019-9-14 15:29:12', NULL, 2),
		(626, 8, 332365514, '2019-9-14 20:41:47', '2019-9-14 23:43:29', NULL, 2),
		(627, 5, 133231622, '2019-9-14 21:47:38', '2019-9-14 22:08:12', NULL, 3),
		(628, 6, 374513906, '2019-9-15 11:52:58', '2019-9-15 14:20:30', NULL, 1),
		(629, 4, 373239805, '2019-9-15 14:51:26', '2019-9-15 17:20:58', NULL, 2),
		(630, 4, 240858717, '2019-9-15 15:43:24', '2019-9-15 19:21:58', NULL, 1),
		(631, 6, 117623241, '2019-9-16 16:45:47', '2019-9-16 19:18:46', NULL, 1),
		(632, 5, 329209886, '2019-9-16 19:18:46', '2019-9-16 21:54:44', NULL, 3),
		(633, 4, 294916500, '2019-9-17 12:48:23', '2019-9-17 16:02:52', NULL, 1),
		(634, 1, 150474041, '2019-9-18 14:44:21', '2019-9-18 17:48:49', NULL, 1),
		(635, 2, 330087285, '2019-9-18 16:50:24', '2019-9-18 19:14:22', NULL, 1),
		(636, 7, 353856516, '2019-9-19 13:41:11', '2019-9-19 15:29:15', NULL, 2),
		(637, 3, 102381502, '2019-9-19 22:22:59', '2019-9-19 23:59:53', NULL, 3),
		(638, 8, 133978530, '2019-9-20 15:16:23', '2019-9-20 16:06:35', NULL, 2),
		(639, 4, 237384893, '2019-9-20 16:06:35', '2019-9-20 18:32:16', NULL, 2),
		(640, 6, 185527720, '2019-9-20 18:32:16', '2019-9-20 19:07:57', NULL, 2),
		(641, 4, 186962121, '2019-9-21 17:59:34', '2019-9-21 21:39:36', NULL, 3),
		(642, 4, 325769654, '2019-9-21 19:39:37', '2019-9-21 21:56:19', NULL, 1),
		(643, 6, 332365514, '2019-9-21 19:39:37', '2019-9-21 20:42:11', NULL, 2),
		(644, 6, 330087285, '2019-9-21 21:56:19', '2019-9-21 23:19:14', NULL, 2),
		(645, 1, 373239805, '2019-9-22 13:41:46', '2019-9-22 14:09:42', NULL, 3),
		(646, 6, 142630869, '2019-9-22 17:19:10', '2019-9-22 19:08:31', NULL, 1),
		(647, 3, 383334247, '2019-9-22 18:52:25', '2019-9-22 22:01:38', NULL, 2),
		(648, 6, 152577589, '2019-9-22 20:03:58', '2019-9-22 22:41:41', NULL, 2),
		(649, 2, 163901303, '2019-9-22 21:07:57', '2019-9-22 23:26:31', NULL, 1),
		(650, 1, 148514229, '2019-9-22 21:07:57', '2019-9-22 22:58:57', NULL, 3),
		(651, 3, 365588428, '2019-9-23 15:07:18', '2019-9-23 18:10:25', NULL, 1),
		(652, 4, 134704538, '2019-9-23 16:18:42', '2019-9-23 17:57:51', NULL, 2),
		(653, 6, 372248913, '2019-9-23 18:03:17', '2019-9-23 19:46:29', NULL, 1),
		(654, 2, 367806810, '2019-9-23 18:36:18', '2019-9-23 20:52:47', NULL, 1),
		(655, 3, 371517610, '2019-9-23 19:16:46', '2019-9-23 20:46:30', NULL, 2),
		(656, 1, 185377055, '2019-9-24 15:39:33', '2019-9-24 17:07:30', NULL, 3),
		(657, 6, 236596855, '2019-9-24 20:11:48', '2019-9-24 21:14:14', NULL, 3),
		(658, 5, 120591864, '2019-9-25 11:38:36', '2019-9-25 13:52:37', NULL, 3),
		(659, 2, 241069319, '2019-9-25 12:30:12', '2019-9-25 15:24:46', NULL, 1),
		(660, 1, 129969064, '2019-9-25 14:49:14', '2019-9-25 17:28:42', NULL, 3),
		(661, 7, 188533288, '2019-9-27 19:05:22', '2019-9-27 20:06:32', NULL, 1),
		(662, 1, 230116011, '2019-9-28 12:05:11', '2019-9-28 14:54:31', NULL, 3),
		(663, 5, 187519716, '2019-9-28 16:31:38', '2019-9-28 19:49:42', NULL, 2),
		(664, 5, 341987378, '2019-9-30 12:24:58', '2019-9-30 14:20:29', NULL, 3),
		(665, 4, 133231622, '2019-9-30 13:38:30', '2019-9-30 15:04:10', NULL, 3),
		(666, 4, 133231622, '2019-9-30 15:56:19', '2019-9-30 19:10:58', NULL, 3),
		(667, 5, 141191820, '2019-9-30 19:10:58', '2019-9-30 22:25:20', NULL, 2),
		(668, 7, 239933374, '2019-10-1 18:22:25', '2019-10-1 19:45:26', NULL, 1),
		(669, 1, 131537841, '2019-10-2 11:15:25', '2019-10-2 12:15:40', NULL, 2),
		(670, 5, 223398184, '2019-10-2 11:18:56', '2019-10-2 11:49:58', NULL, 1),
		(671, 3, 358521722, '2019-10-2 15:09:30', '2019-10-2 16:50:10', NULL, 1),
		(672, 8, 194210307, '2019-10-2 15:09:30', '2019-10-2 17:51:27', NULL, 2),
		(673, 8, 240858717, '2019-10-2 18:30:22', '2019-10-2 20:36:51', NULL, 2),
		(674, 4, 192337123, '2019-10-2 19:06:58', '2019-10-2 21:29:37', NULL, 2),
		(675, 2, 198812059, '2019-10-3 12:49:57', '2019-10-3 14:42:12', NULL, 3),
		(676, 7, 277912986, '2019-10-3 20:03:52', '2019-10-3 22:53:58', NULL, 3),
		(677, 3, 237384893, '2019-10-4 14:08:45', '2019-10-4 16:48:59', NULL, 3),
		(678, 5, 191073788, '2019-10-4 18:51:13', '2019-10-4 22:10:54', NULL, 1),
		(679, 6, 225971631, '2019-10-5 20:53:56', '2019-10-5 22:17:58', NULL, 1),
		(680, 4, 324536911, '2019-10-6 12:09:23', '2019-10-6 13:50:17', NULL, 2),
		(681, 7, 363400837, '2019-10-6 12:30:46', '2019-10-6 13:21:21', NULL, 2),
		(682, 8, 315945138, '2019-10-6 18:19:16', '2019-10-6 21:26:23', NULL, 2),
		(683, 4, 331776339, '2019-10-6 19:49:39', '2019-10-6 20:45:16', NULL, 2),
		(684, 7, 161145778, '2019-10-8 12:23:59', '2019-10-8 13:15:23', NULL, 1),
		(685, 7, 242184886, '2019-10-8 14:31:26', '2019-10-8 16:43:26', NULL, 1),
		(686, 3, 213744947, '2019-10-9 12:03:10', '2019-10-9 13:41:46', NULL, 2),
		(687, 6, 108991846, '2019-10-9 14:01:13', '2019-10-9 16:01:59', NULL, 1),
		(688, 2, 161145778, '2019-10-10 18:04:15', '2019-10-10 21:32:52', NULL, 1),
		(689, 1, 121200429, '2019-10-10 21:32:52', '2019-10-10 23:12:37', NULL, 3),
		(690, 3, 339923277, '2019-10-11 11:54:23', '2019-10-11 12:01:32', NULL, 1),
		(691, 6, 186831947, '2019-10-11 20:28:58', '2019-10-11 23:08:26', NULL, 2),
		(692, 4, 329209886, '2019-10-11 21:36:31', '2019-10-11 21:47:12', NULL, 3),
		(693, 5, 131741244, '2019-10-12 14:41:39', '2019-10-12 14:43:25', NULL, 3),
		(694, 5, 372248913, '2019-10-12 14:48:26', '2019-10-12 16:31:46', NULL, 2),
		(695, 6, 397977574, '2019-10-12 16:46:16', '2019-10-12 17:48:26', NULL, 3),
		(696, 5, 246558960, '2019-10-13 19:08:41', '2019-10-13 19:43:56', NULL, 2),
		(697, 4, 328516824, '2019-10-14 15:52:27', '2019-10-14 17:30:24', NULL, 3),
		(698, 6, 191073788, '2019-10-14 16:53:24', '2019-10-14 19:02:58', NULL, 2),
		(699, 4, 348958772, '2019-10-15 19:30:49', '2019-10-15 23:40:25', NULL, 2),
		(700, 5, 239853085, '2019-10-16 16:13:54', '2019-10-16 19:51:18', NULL, 3),
		(701, 7, 120529395, '2019-10-16 17:05:37', '2019-10-16 19:27:56', NULL, 3),
		(702, 3, 240858717, '2019-10-16 18:05:45', '2019-10-16 21:18:50', NULL, 2),
		(703, 2, 230447059, '2019-10-16 22:13:29', '2019-10-16 23:26:29', NULL, 3),
		(704, 3, 397977574, '2019-10-17 18:04:38', '2019-10-17 18:15:33', NULL, 2),
		(705, 4, 243160206, '2019-10-18 12:09:52', '2019-10-18 16:01:20', NULL, 2),
		(706, 4, 272211630, '2019-10-18 14:17:45', '2019-10-18 16:02:32', NULL, 1),
		(707, 8, 363400837, '2019-10-18 14:55:51', '2019-10-18 15:23:33', NULL, 1),
		(708, 6, 242184886, '2019-10-19 12:14:54', '2019-10-19 12:37:37', NULL, 2),
		(709, 7, 213744947, '2019-10-21 13:54:58', '2019-10-21 17:40:17', NULL, 1),
		(710, 5, 185527720, '2019-10-22 11:14:23', '2019-10-22 11:22:47', NULL, 1),
		(711, 7, 133328435, '2019-10-22 13:43:45', '2019-10-22 15:42:42', NULL, 1),
		(712, 5, 341987378, '2019-10-23 15:37:49', '2019-10-23 17:50:55', NULL, 2),
		(713, 8, 341987378, '2019-10-23 19:47:49', '2019-10-23 22:24:47', NULL, 1),
		(714, 8, 239853085, '2019-10-24 12:07:54', '2019-10-24 14:49:59', NULL, 1),
		(715, 7, 353856516, '2019-10-24 13:26:31', '2019-10-24 14:33:22', NULL, 3),
		(716, 5, 246575695, '2019-10-25 12:37:46', '2019-10-25 14:57:22', NULL, 2),
		(717, 3, 213859880, '2019-10-25 18:17:45', '2019-10-25 21:09:55', NULL, 1),
		(718, 2, 397977574, '2019-10-25 21:51:33', '2019-10-25 22:55:52', NULL, 3),
		(719, 1, 277912986, '2019-10-25 23:20:13', '2019-10-25 23:37:23', NULL, 2),
		(720, 6, 121200429, '2019-10-26 14:55:59', '2019-10-26 14:59:23', NULL, 1),
		(721, 4, 350765083, '2019-10-26 22:49:16', '2019-10-26 23:21:29', NULL, 2),
		(722, 7, 344724699, '2019-10-27 11:26:31', '2019-10-27 14:47:30', NULL, 1),
		(723, 4, 223545852, '2019-10-27 17:53:22', '2019-10-27 18:03:23', NULL, 3),
		(724, 4, 107755652, '2019-10-27 18:24:59', '2019-10-27 21:53:49', NULL, 3),
		(725, 3, 198396922, '2019-10-27 19:31:51', '2019-10-27 22:17:48', NULL, 2),
		(726, 3, 131537841, '2019-10-27 19:31:51', '2019-10-27 19:41:15', NULL, 3),
		(727, 7, 228126114, '2019-10-28 19:51:26', '2019-10-28 23:15:59', NULL, 3),
		(728, 5, 192337123, '2019-10-28 20:19:43', '2019-10-28 22:35:40', NULL, 1),
		(729, 5, 200732852, '2019-10-28 22:27:10', '2019-10-28 22:38:40', NULL, 1),
		(730, 4, 365588428, '2019-10-29 11:42:37', '2019-10-29 11:47:42', NULL, 1),
		(731, 3, 109542704, '2019-10-29 15:19:38', '2019-10-29 17:48:45', NULL, 1),
		(732, 1, 203901574, '2019-10-29 18:54:48', '2019-10-29 22:10:22', NULL, 2),
		(733, 5, 374513906, '2019-10-30 11:38:43', '2019-10-30 12:47:44', NULL, 3),
		(734, 7, 102381502, '2019-10-30 22:54:55', '2019-10-30 23:55:54', NULL, 3),
		(735, 2, 374513906, '2019-11-1 13:09:26', '2019-11-1 16:51:40', NULL, 2),
		(736, 1, 131741244, '2019-11-1 14:47:11', '2019-11-1 15:18:50', NULL, 2),
		(737, 4, 294456853, '2019-11-2 18:56:58', '2019-11-2 20:50:33', NULL, 1),
		(738, 7, 205683603, '2019-11-2 20:50:33', '2019-11-2 23:23:38', NULL, 2),
		(739, 7, 137784062, '2019-11-2 21:45:29', '2019-11-2 22:22:49', NULL, 1),
		(740, 1, 360978113, '2019-11-3 13:19:37', '2019-11-3 14:01:52', NULL, 1),
		(741, 7, 223545852, '2019-11-3 13:59:49', '2019-11-3 14:27:47', NULL, 2),
		(742, 2, 117623241, '2019-11-3 18:10:31', '2019-11-3 19:44:52', NULL, 3),
		(743, 5, 198812059, '2019-11-4 11:58:13', '2019-11-4 13:11:32', NULL, 2),
		(744, 8, 239933374, '2019-11-4 14:46:31', '2019-11-4 16:34:13', NULL, 1),
		(745, 5, 117623241, '2019-11-5 12:38:41', '2019-11-5 13:47:19', NULL, 3),
		(746, 8, 109542704, '2019-11-5 14:01:39', '2019-11-5 14:34:57', NULL, 2),
		(747, 3, 111284682, '2019-11-5 18:01:18', '2019-11-5 21:08:28', NULL, 3),
		(748, 6, 325769654, '2019-11-5 19:43:45', '2019-11-5 20:56:45', NULL, 3),
		(749, 2, 191073788, '2019-11-6 14:12:53', '2019-11-6 16:30:48', NULL, 1),
		(750, 7, 315945138, '2019-11-6 20:21:48', '2019-11-6 22:15:46', NULL, 1),
		(751, 2, 194210307, '2019-11-6 21:52:56', '2019-11-6 22:11:32', NULL, 1),
		(752, 4, 236596855, '2019-11-6 23:05:57', '2019-11-6 23:42:26', NULL, 3),
		(753, 4, 241560214, '2019-11-7 13:31:13', '2019-11-7 13:41:15', NULL, 1),
		(754, 8, 202674760, '2019-11-7 14:16:47', '2019-11-7 17:41:54', NULL, 2),
		(755, 1, 109542704, '2019-11-7 17:29:40', '2019-11-7 19:38:25', NULL, 1),
		(756, 5, 193624829, '2019-11-8 11:15:50', '2019-11-8 13:08:58', NULL, 3),
		(757, 4, 275262560, '2019-11-8 11:38:24', '2019-11-8 12:27:38', NULL, 1),
		(758, 6, 230447059, '2019-11-8 16:50:20', '2019-11-8 20:36:58', NULL, 2),
		(759, 7, 185527720, '2019-11-8 18:20:58', '2019-11-8 19:08:14', NULL, 2),
		(760, 8, 358521722, '2019-11-9 14:01:57', '2019-11-9 15:11:21', NULL, 3),
		(761, 4, 191073788, '2019-11-10 18:54:42', '2019-11-10 21:04:25', NULL, 3),
		(762, 6, 240187229, '2019-11-10 20:10:49', '2019-11-10 21:04:25', NULL, 1),
		(763, 1, 185527720, '2019-11-10 23:12:39', '2019-11-10 23:48:11', NULL, 1),
		(764, 3, 102381502, '2019-11-11 11:06:42', '2019-11-11 11:17:48', NULL, 3),
		(765, 7, 324536911, '2019-11-11 13:40:40', '2019-11-11 15:03:17', NULL, 2),
		(766, 5, 132770971, '2019-11-11 14:20:57', '2019-11-11 16:32:58', NULL, 2),
		(767, 4, 223545852, '2019-11-11 21:47:37', '2019-11-11 22:29:40', NULL, 1),
		(768, 7, 341317873, '2019-11-12 13:39:46', '2019-11-12 14:55:56', NULL, 1),
		(769, 8, 246575695, '2019-11-12 17:26:19', '2019-11-12 17:35:32', NULL, 1),
		(770, 7, 130199293, '2019-11-13 12:45:23', '2019-11-13 14:21:42', NULL, 1),
		(771, 6, 111284682, '2019-11-13 18:10:50', '2019-11-13 20:02:32', NULL, 1),
		(772, 8, 117623241, '2019-11-13 19:46:15', '2019-11-13 21:26:23', NULL, 3),
		(773, 1, 134704538, '2019-11-13 21:18:52', '2019-11-13 21:36:51', NULL, 2),
		(774, 7, 372248913, '2019-11-14 15:41:15', '2019-11-14 16:44:23', NULL, 2),
		(775, 6, 129969064, '2019-11-14 16:11:41', '2019-11-14 17:22:15', NULL, 3),
		(776, 8, 383334247, '2019-11-14 21:31:31', '2019-11-14 22:38:42', NULL, 3),
		(777, 4, 352052174, '2019-11-15 15:49:44', '2019-11-15 17:46:30', NULL, 3),
		(778, 2, 379109291, '2019-11-16 17:13:27', '2019-11-16 20:32:27', NULL, 3),
		(779, 5, 162937983, '2019-11-16 17:43:31', '2019-11-16 18:22:47', NULL, 2),
		(780, 8, 256215550, '2019-11-16 18:10:10', '2019-11-16 21:56:11', NULL, 2),
		(781, 5, 148514229, '2019-11-16 19:13:23', '2019-11-16 19:36:51', NULL, 2),
		(782, 2, 187519716, '2019-11-17 21:06:34', '2019-11-17 21:56:51', NULL, 3),
		(783, 6, 372248913, '2019-11-18 12:35:36', '2019-11-18 16:38:37', NULL, 3),
		(784, 1, 223398184, '2019-11-18 17:45:48', '2019-11-18 18:30:12', NULL, 1),
		(785, 7, 328516824, '2019-11-18 18:29:22', '2019-11-18 20:03:17', NULL, 3),
		(786, 1, 115590124, '2019-11-18 18:30:12', '2019-11-18 22:21:36', NULL, 2),
		(787, 3, 242184886, '2019-11-18 19:06:57', '2019-11-18 21:02:39', NULL, 2),
		(788, 4, 249155825, '2019-11-19 13:43:31', '2019-11-19 15:08:11', NULL, 1),
		(789, 4, 185527720, '2019-11-19 14:34:10', '2019-11-19 15:08:11', NULL, 1),
		(790, 4, 367806810, '2019-11-20 16:50:22', '2019-11-20 18:40:33', NULL, 2),
		(791, 2, 277912986, '2019-11-21 17:26:18', '2019-11-21 19:24:28', NULL, 2),
		(792, 6, 352052174, '2019-11-21 21:07:47', '2019-11-21 21:56:54', NULL, 3),
		(793, 3, 263678191, '2019-11-21 21:17:53', '2019-11-21 22:28:42', NULL, 2),
		(794, 2, 198396922, '2019-11-22 14:09:26', '2019-11-22 17:21:39', NULL, 1),
		(795, 4, 202674760, '2019-11-22 17:17:34', '2019-11-22 19:16:33', NULL, 1),
		(796, 6, 130199293, '2019-11-22 21:08:27', '2019-11-22 22:12:39', NULL, 1),
		(797, 6, 372248913, '2019-11-23 11:17:10', '2019-11-23 11:30:49', NULL, 2),
		(798, 2, 186962121, '2019-11-23 13:17:39', '2019-11-23 15:54:50', NULL, 2),
		(799, 3, 150552528, '2019-11-23 15:05:31', '2019-11-23 18:59:19', NULL, 1),
		(800, 6, 141191820, '2019-11-23 18:42:22', '2019-11-23 21:34:35', NULL, 2),
		(801, 1, 371603165, '2019-11-23 21:59:54', '2019-11-23 23:48:41', NULL, 2),
		(802, 2, 213859880, '2019-11-24 11:31:47', '2019-11-24 14:06:15', NULL, 1),
		(803, 3, 123063115, '2019-11-24 11:57:43', '2019-11-24 14:06:15', NULL, 2),
		(804, 8, 383334247, '2019-11-24 12:17:12', '2019-11-24 16:06:37', NULL, 3),
		(805, 4, 215915710, '2019-11-24 12:45:34', '2019-11-24 13:52:28', NULL, 1),
		(806, 2, 352052174, '2019-11-24 13:14:20', '2019-11-24 16:19:38', NULL, 3),
		(807, 6, 379109291, '2019-11-24 13:36:15', '2019-11-24 14:58:41', NULL, 3),
		(808, 5, 325769654, '2019-11-24 18:31:29', '2019-11-24 20:36:38', NULL, 3),
		(809, 3, 350018831, '2019-11-25 12:22:48', '2019-11-25 15:53:19', NULL, 2),
		(810, 5, 332365514, '2019-11-25 14:14:34', '2019-11-25 14:50:32', NULL, 2),
		(811, 6, 162937983, '2019-11-26 11:17:55', '2019-11-26 11:19:20', NULL, 3),
		(812, 6, 120591864, '2019-11-27 17:34:24', '2019-11-27 18:13:59', NULL, 1),
		(813, 1, 294456853, '2019-11-27 21:11:12', '2019-11-27 23:10:59', NULL, 1),
		(814, 1, 371517610, '2019-11-28 12:08:15', '2019-11-28 13:34:54', NULL, 3),
		(815, 8, 203901574, '2019-11-29 12:38:49', '2019-11-29 15:32:11', NULL, 3),
		(816, 6, 371517610, '2019-11-29 13:09:16', '2019-11-29 16:40:43', NULL, 1),
		(817, 4, 219211823, '2019-11-30 18:58:32', '2019-11-30 22:19:59', NULL, 2),
		(818, 1, 332365514, '2019-11-30 21:30:19', '2019-11-30 23:39:22', NULL, 1),
		(819, 5, 107755652, '2019-12-1 16:17:30', '2019-12-1 17:21:48', NULL, 3),
		(820, 6, 129969064, '2019-12-1 20:46:45', '2019-12-1 21:45:22', NULL, 2),
		(821, 4, 121200429, '2019-12-1 21:44:30', '2019-12-1 22:47:16', NULL, 3),
		(822, 6, 109424511, '2019-12-2 14:39:31', '2019-12-2 17:15:35', NULL, 2),
		(823, 3, 239933374, '2019-12-3 16:39:15', '2019-12-3 17:08:52', NULL, 2),
		(824, 1, 315945138, '2019-12-3 19:49:32', '2019-12-3 22:35:26', NULL, 1),
		(825, 2, 163040239, '2019-12-3 22:22:29', '2019-12-3 22:30:50', NULL, 2),
		(826, 2, 116438184, '2019-12-4 16:58:52', '2019-12-4 17:05:56', NULL, 2),
		(827, 5, 141713929, '2019-12-4 18:19:55', '2019-12-4 20:32:55', NULL, 1),
		(828, 5, 375549507, '2019-12-4 18:19:55', '2019-12-4 19:25:56', NULL, 2),
		(829, 8, 330786408, '2019-12-4 19:25:56', '2019-12-4 20:32:55', NULL, 1),
		(830, 1, 344724699, '2019-12-4 19:28:32', '2019-12-4 22:50:52', NULL, 3),
		(831, 8, 152577589, '2019-12-5 13:50:53', '2019-12-5 16:26:31', NULL, 1),
		(832, 7, 129969064, '2019-12-5 17:24:19', '2019-12-5 19:20:32', NULL, 3),
		(833, 3, 205683603, '2019-12-5 21:02:37', '2019-12-5 23:16:41', NULL, 1),
		(834, 3, 348958772, '2019-12-6 12:54:13', '2019-12-6 14:39:44', NULL, 3),
		(835, 4, 213859880, '2019-12-6 16:08:49', '2019-12-6 17:37:19', NULL, 2),
		(836, 3, 198812059, '2019-12-6 18:22:46', '2019-12-6 20:48:30', NULL, 2),
		(837, 4, 198812059, '2019-12-6 22:43:15', '2019-12-6 23:36:12', NULL, 1),
		(838, 2, 230116011, '2019-12-7 17:07:55', '2019-12-7 19:24:31', NULL, 2),
		(839, 3, 213265496, '2019-12-7 18:07:52', '2019-12-7 18:34:58', NULL, 1),
		(840, 8, 372248913, '2019-12-7 21:36:13', '2019-12-7 23:24:37', NULL, 1),
		(841, 8, 230447059, '2019-12-8 17:46:50', '2019-12-8 20:02:23', NULL, 2),
		(842, 7, 213265496, '2019-12-9 11:47:22', '2019-12-9 13:30:45', NULL, 3),
		(843, 6, 148514229, '2019-12-9 15:06:14', '2019-12-9 15:16:25', NULL, 2),
		(844, 3, 397977574, '2019-12-9 15:13:55', '2019-12-9 16:26:35', NULL, 2),
		(845, 3, 223398184, '2019-12-9 16:48:28', '2019-12-9 19:30:45', NULL, 1),
		(846, 7, 365360921, '2019-12-11 11:49:27', '2019-12-11 11:55:54', NULL, 3),
		(847, 3, 365360921, '2019-12-11 12:14:53', '2019-12-11 13:14:31', NULL, 3),
		(848, 7, 268486442, '2019-12-11 14:52:32', '2019-12-11 17:30:30', NULL, 2),
		(849, 8, 131537841, '2019-12-11 18:27:17', '2019-12-11 22:19:41', NULL, 1),
		(850, 7, 213604134, '2019-12-11 20:28:26', '2019-12-11 20:33:14', NULL, 3),
		(851, 7, 240858717, '2019-12-12 11:58:45', '2019-12-12 12:34:13', NULL, 1),
		(852, 3, 162937983, '2019-12-12 15:34:21', '2019-12-12 17:36:26', NULL, 2),
		(853, 7, 131537841, '2019-12-12 18:06:50', '2019-12-12 19:51:44', NULL, 2),
		(854, 6, 294456853, '2019-12-14 14:57:14', '2019-12-14 16:03:50', NULL, 3),
		(855, 5, 216891140, '2019-12-14 18:14:59', '2019-12-14 18:52:13', NULL, 2),
		(856, 7, 239933374, '2019-12-14 21:32:11', '2019-12-14 23:48:47', NULL, 3),
		(857, 8, 263678191, '2019-12-15 14:06:40', '2019-12-15 15:21:25', NULL, 2),
		(858, 8, 272211630, '2019-12-16 11:33:58', '2019-12-16 12:13:51', NULL, 2),
		(859, 2, 186831947, '2019-12-16 19:08:27', '2019-12-16 22:57:41', NULL, 1),
		(860, 1, 116438184, '2019-12-16 21:01:26', '2019-12-16 21:31:36', NULL, 1),
		(861, 6, 134704538, '2019-12-17 14:59:55', '2019-12-17 15:34:35', NULL, 2),
		(862, 6, 200732852, '2019-12-17 16:32:35', '2019-12-17 19:34:43', NULL, 3),
		(863, 7, 150474041, '2019-12-17 17:18:59', '2019-12-17 18:15:10', NULL, 3),
		(864, 6, 373239805, '2019-12-18 13:10:34', '2019-12-18 14:17:55', NULL, 3),
		(865, 4, 130199293, '2019-12-18 14:05:54', '2019-12-18 16:19:48', NULL, 1),
		(866, 8, 256215550, '2019-12-18 16:05:37', '2019-12-18 16:40:15', NULL, 2),
		(867, 1, 353856516, '2019-12-18 16:40:15', '2019-12-18 19:39:38', NULL, 3),
		(868, 4, 294916500, '2019-12-18 19:37:45', '2019-12-18 21:12:31', NULL, 1),
		(869, 7, 130199293, '2019-12-18 21:12:31', '2019-12-18 21:35:33', NULL, 1),
		(870, 1, 166873059, '2019-12-18 21:35:33', '2019-12-18 22:39:21', NULL, 1),
		(871, 7, 379530029, '2019-12-19 11:32:59', '2019-12-19 12:20:59', NULL, 2),
		(872, 7, 213859880, '2019-12-19 15:15:23', '2019-12-19 18:48:35', NULL, 3),
		(873, 5, 263678191, '2019-12-20 14:13:52', '2019-12-20 17:23:39', NULL, 1),
		(874, 7, 365588428, '2019-12-20 20:05:39', '2019-12-20 21:21:44', NULL, 3),
		(875, 1, 203901574, '2019-12-21 18:47:43', '2019-12-21 20:17:28', NULL, 3),
		(876, 6, 381265519, '2019-12-22 12:26:16', '2019-12-22 14:15:22', NULL, 3),
		(877, 7, 133809434, '2019-12-22 21:41:26', '2019-12-22 22:20:47', NULL, 3),
		(878, 4, 141191820, '2019-12-23 12:08:46', '2019-12-23 15:55:51', NULL, 3),
		(879, 4, 341317873, '2019-12-23 17:15:20', '2019-12-23 20:43:51', NULL, 3),
		(880, 2, 365228360, '2019-12-23 18:11:18', '2019-12-23 19:58:54', NULL, 2),
		(881, 7, 198812059, '2019-12-23 19:58:54', '2019-12-23 23:07:15', NULL, 1),
		(882, 5, 329130610, '2019-12-24 12:30:48', '2019-12-24 13:47:30', NULL, 1),
		(883, 8, 372248913, '2019-12-24 13:08:46', '2019-12-24 14:35:40', NULL, 2),
		(884, 6, 198396922, '2019-12-24 19:25:51', '2019-12-24 22:13:22', NULL, 2),
		(885, 5, 134704538, '2019-12-25 13:11:23', '2019-12-25 16:42:56', NULL, 2),
		(886, 1, 205987354, '2019-12-25 15:04:13', '2019-12-25 18:40:11', NULL, 2),
		(887, 2, 162937983, '2019-12-25 21:44:59', '2019-12-25 21:51:18', NULL, 3),
		(888, 4, 185527720, '2019-12-26 12:49:51', '2019-12-26 15:48:12', NULL, 2),
		(889, 4, 186962121, '2019-12-26 19:14:25', '2019-12-26 22:20:16', NULL, 3),
		(890, 8, 193624829, '2019-12-26 19:17:41', '2019-12-26 22:47:37', NULL, 3),
		(891, 7, 134704538, '2019-12-27 12:02:45', '2019-12-27 13:51:22', NULL, 2),
		(892, 7, 272211630, '2019-12-27 13:37:37', '2019-12-27 14:03:59', NULL, 3),
		(893, 1, 230116011, '2019-12-28 16:29:20', '2019-12-28 17:51:55', NULL, 3),
		(894, 8, 240187229, '2019-12-28 17:28:30', '2019-12-28 20:51:44', NULL, 1),
		(895, 4, 350018831, '2019-12-28 20:27:55', '2019-12-28 23:11:21', NULL, 3),
		(896, 3, 213744947, '2019-12-29 19:57:37', '2019-12-29 21:42:29', NULL, 2),
		(897, 2, 282737538, '2019-12-30 16:15:51', '2019-12-30 18:43:44', NULL, 3),
		(898, 2, 130199293, '2019-12-30 17:35:24', '2019-12-30 19:45:27', NULL, 1),
		(899, 3, 331776339, '2019-12-30 18:44:38', '2019-12-30 21:48:58', NULL, 1)
;

-- SELECT * FROM registo_sala;

INSERT INTO registo_dvd
	(id_rdvd, funcionario, utilizador, inventario_dvd, data_requesito,data_limite,data_entrega,estado)
	VALUES
		(1, 5, 361171294, 11, '2019-1-3', '2019-1-17', '2019-1-18', NULL),
		(2, 1, 152577589, 8, '2019-1-6', '2019-1-20', '2019-1-13', NULL),
		(3, 6, 102665980, 10, '2019-1-10', '2019-1-24', '2019-1-26', NULL),
		(4, 6, 344724699, 18, '2019-1-11', '2019-1-25', '2019-1-25', NULL),
		(5, 4, 301985943, 16, '2019-2-3', '2019-2-17', '2019-2-9', NULL),
		(6, 1, 161145778, 10, '2019-2-22', '2019-3-9', '2019-3-8', NULL),
		(7, 1, 133809434, 15, '2019-3-18', '2019-4-2', '2019-3-30', NULL),
		(8, 4, 256215550, 11, '2019-4-1', '2019-4-15', '2019-4-20', NULL),
		(9, 8, 325769654, 10, '2019-4-6', '2019-4-20', '2019-4-25', NULL),
		(10, 3, 249155825, 16, '2019-4-20', '2019-5-4', '2019-5-1', NULL),
		(11, 7, 330087285, 2, '2019-5-3', '2019-5-17', '2019-5-8', NULL),
		(12, 7, 249155825, 8, '2019-5-10', '2019-5-24', '2019-5-20', NULL),
		(13, 6, 152577589, 2, '2019-5-15', '2019-5-29', '2019-6-2', NULL),
		(14, 5, 137784062, 7, '2019-6-9', '2019-6-23', '2019-6-25', NULL),
		(15, 2, 159359463, 16, '2019-6-19', '2019-7-3', '2019-7-4', NULL),
		(16, 1, 142630869, 15, '2019-6-30', '2019-7-14', '2019-7-5', NULL),
		(17, 1, 272211630, 18, '2019-7-3', '2019-7-17', '2019-7-16', NULL),
		(18, 2, 159359463, 17, '2019-7-6', '2019-7-20', '2019-7-15', NULL),
		(19, 2, 205683603, 4, '2019-7-7', '2019-7-21', '2019-7-13', NULL),
		(20, 5, 131741244, 9, '2019-8-3', '2019-8-17', '2019-8-15', NULL),
		(21, 4, 373239805, 15, '2019-8-8', '2019-8-22', '2019-8-18', NULL),
		(22, 6, 379109291, 1, '2019-8-10', '2019-8-24', '2019-8-16', NULL),
		(23, 4, 109542704, 15, '2019-8-25', '2019-9-9', '2019-9-9', NULL),
		(24, 7, 246575695, 3, '2019-9-4', '2019-9-18', '2019-9-15', NULL),
		(25, 2, 137784062, 16, '2019-9-7', '2019-9-21', '2019-9-20', NULL),
		(26, 1, 102381502, 16, '2019-9-8', '2019-9-22', '2019-9-15', NULL),
		(27, 2, 330087285, 9, '2019-9-14', '2019-9-28', '2019-9-30', NULL),
		(28, 7, 215915710, 12, '2019-9-14', '2019-9-28', '2019-9-28', NULL),
		(29, 1, 213265496, 17, '2019-9-23', '2019-10-7', '2019-10-12', NULL),
		(30, 7, 230116011, 5, '2019-10-6', '2019-10-20', '2019-10-24', NULL),
		(31, 7, 277912986, 15, '2019-10-7', '2019-10-21', '2019-10-18', NULL),
		(32, 5, 205683603, 3, '2019-10-10', '2019-10-24', '2019-10-19', NULL),
		(33, 8, 353856516, 11, '2019-11-2', '2019-11-16', '2019-11-7', NULL),
		(34, 1, 185377055, 9, '2019-11-21', '2019-12-5', '2019-12-8', NULL),
		(35, 7, 237384893, 1, '2019-11-28', '2019-12-12', '2019-12-7', NULL),
		(36, 5, 213265496, 15, '2019-12-3', '2019-12-17', '2019-12-14', NULL),
		(37, 3, 141713929, 13, '2019-12-13', '2019-12-27', '2019-12-28', NULL)
;

INSERT INTO registo_livro
	(id_rlivro, rl_func, rl_util, inventario_livro, data_requesito,data_limite,data_entrega,estado)
	VALUES
		(1, 3, 109542704, 7, '2019-1-2', '2019-1-16', '2019-1-16', NULL),
		(2, 3, 213265496, 16, '2019-1-3', '2019-1-17', '2019-1-20', NULL),
		(3, 1, 277912986, 36, '2019-1-8', '2019-1-22', '2019-1-22', NULL),
		(4, 3, 130199293, 62, '2019-1-8', '2019-1-22', '2019-1-22', NULL),
		(5, 8, 223545852, 10, '2019-1-9', '2019-1-23', '2019-1-17', NULL),
		(6, 4, 379530029, 22, '2019-1-9', '2019-1-23', '2019-1-20', NULL),
		(7, 8, 240858717, 30, '2019-1-10', '2019-1-24', '2019-1-23', NULL),
		(8, 7, 383334247, 54, '2019-1-12', '2019-1-26', '2019-1-25', NULL),
		(9, 5, 381265519, 25, '2019-1-14', '2019-1-28', '2019-1-24', NULL),
		(10, 2, 363400837, 51, '2019-1-15', '2019-1-29', '2019-1-30', NULL),
		(11, 6, 213859880, 66, '2019-1-17', '2019-2-1', '2019-1-30', NULL),
		(12, 3, 192945160, 54, '2019-1-19', '2019-2-3', '2019-2-3', NULL),
		(13, 3, 356014300, 3, '2019-1-20', '2019-2-4', '2019-1-28', NULL),
		(14, 7, 133328435, 37, '2019-1-23', '2019-2-7', '2019-2-10', NULL),
		(15, 5, 213265496, 47, '2019-1-27', '2019-2-11', '2019-2-3', NULL),
		(16, 4, 324536911, 31, '2019-1-28', '2019-2-12', '2019-2-10', NULL),
		(17, 2, 379109291, 19, '2019-1-29', '2019-2-13', '2019-2-11', NULL),
		(18, 3, 223545852, 44, '2019-2-5', '2019-2-19', '2019-2-17', NULL),
		(19, 8, 282737538, 63, '2019-2-9', '2019-2-23', '2019-2-18', NULL),
		(20, 2, 379530029, 10, '2019-2-10', '2019-2-24', '2019-2-27', NULL),
		(21, 2, 240187229, 7, '2019-2-14', '2019-3-1', '2019-3-6', NULL),
		(22, 8, 216153876, 66, '2019-2-19', '2019-3-6', '2019-3-5', NULL),
		(23, 1, 372248913, 2, '2019-2-20', '2019-3-7', '2019-2-25', NULL),
		(24, 2, 108991846, 28, '2019-2-23', '2019-3-10', '2019-3-1', NULL),
		(25, 6, 372248913, 31, '2019-2-24', '2019-3-11', '2019-3-2', NULL),
		(26, 1, 225971631, 22, '2019-2-27', '2019-3-14', '2019-3-6', NULL),
		(27, 8, 185527720, 24, '2019-3-1', '2019-3-15', '2019-3-11', NULL),
		(28, 6, 151988314, 18, '2019-3-12', '2019-3-26', '2019-3-21', NULL),
		(29, 5, 151988314, 36, '2019-3-12', '2019-3-26', '2019-3-27', NULL),
		(30, 8, 365228360, 9, '2019-3-13', '2019-3-27', '2019-3-19', NULL),
		(31, 3, 275262560, 35, '2019-3-14', '2019-3-28', '2019-3-26', NULL),
		(32, 2, 230116011, 1, '2019-3-21', '2019-4-5', '2019-4-1', NULL),
		(33, 6, 239933374, 4, '2019-3-22', '2019-4-6', '2019-3-28', NULL),
		(34, 5, 187519716, 10, '2019-3-22', '2019-4-6', '2019-4-7', NULL),
		(35, 7, 379530029, 15, '2019-3-22', '2019-4-6', '2019-3-28', NULL),
		(36, 3, 111284682, 61, '2019-3-25', '2019-4-9', '2019-4-9', NULL),
		(37, 2, 198396922, 46, '2019-3-30', '2019-4-14', '2019-4-7', NULL),
		(38, 6, 123063115, 22, '2019-4-6', '2019-4-20', '2019-4-21', NULL),
		(39, 7, 236596855, 11, '2019-4-7', '2019-4-21', '2019-4-22', NULL),
		(40, 1, 310525120, 26, '2019-4-8', '2019-4-22', '2019-4-25', NULL),
		(41, 7, 365228360, 5, '2019-4-12', '2019-4-26', '2019-4-24', NULL),
		(42, 3, 275218951, 25, '2019-4-12', '2019-4-26', '2019-4-19', NULL),
		(43, 4, 371603165, 54, '2019-4-13', '2019-4-27', '2019-4-26', NULL),
		(44, 2, 275262560, 14, '2019-4-16', '2019-4-30', '2019-4-23', NULL),
		(45, 5, 374513906, 25, '2019-4-22', '2019-5-6', '2019-5-11', NULL),
		(46, 1, 130199293, 52, '2019-4-22', '2019-5-6', '2019-5-11', NULL),
		(47, 6, 188533288, 30, '2019-4-23', '2019-5-7', '2019-5-5', NULL),
		(48, 6, 315945138, 37, '2019-4-24', '2019-5-8', '2019-5-1', NULL),
		(49, 6, 163901303, 8, '2019-4-27', '2019-5-11', '2019-5-8', NULL),
		(50, 3, 213744947, 13, '2019-4-29', '2019-5-13', '2019-5-6', NULL),
		(51, 7, 331776339, 33, '2019-4-29', '2019-5-13', '2019-5-8', NULL),
		(52, 7, 185377055, 26, '2019-4-30', '2019-5-14', '2019-5-15', NULL),
		(53, 2, 241069319, 2, '2019-5-1', '2019-5-15', '2019-5-6', NULL),
		(54, 1, 372248913, 57, '2019-5-2', '2019-5-16', '2019-5-21', NULL),
		(55, 6, 171250949, 55, '2019-5-4', '2019-5-18', '2019-5-16', NULL),
		(56, 1, 263678191, 15, '2019-5-7', '2019-5-21', '2019-5-22', NULL),
		(57, 4, 198812059, 35, '2019-5-10', '2019-5-24', '2019-5-28', NULL),
		(58, 7, 187519716, 20, '2019-5-11', '2019-5-25', '2019-5-30', NULL),
		(59, 3, 137784062, 15, '2019-5-13', '2019-5-27', '2019-5-22', NULL),
		(60, 3, 243160206, 38, '2019-5-13', '2019-5-27', '2019-6-2', NULL),
		(61, 1, 191073788, 15, '2019-5-17', '2019-6-1', '2019-5-28', NULL),
		(62, 2, 256215550, 57, '2019-5-18', '2019-6-2', '2019-6-4', NULL),
		(63, 8, 163040239, 10, '2019-5-19', '2019-6-3', '2019-6-8', NULL),
		(64, 5, 230447059, 46, '2019-5-20', '2019-6-4', '2019-5-28', NULL),
		(65, 3, 287912198, 8, '2019-5-24', '2019-6-8', '2019-6-10', NULL),
		(66, 2, 240858717, 41, '2019-5-24', '2019-6-8', '2019-6-10', NULL),
		(67, 5, 216153876, 31, '2019-5-26', '2019-6-10', '2019-6-4', NULL),
		(68, 4, 356014300, 48, '2019-5-29', '2019-6-13', '2019-6-8', NULL),
		(69, 2, 339923277, 50, '2019-5-29', '2019-6-13', '2019-6-12', NULL),
		(70, 2, 202674760, 4, '2019-6-4', '2019-6-18', '2019-6-20', NULL),
		(71, 5, 256215550, 17, '2019-6-4', '2019-6-18', '2019-6-20', NULL),
		(72, 1, 163040239, 22, '2019-6-4', '2019-6-18', '2019-6-9', NULL),
		(73, 4, 198812059, 38, '2019-6-5', '2019-6-19', '2019-6-18', NULL),
		(74, 4, 108991846, 40, '2019-6-5', '2019-6-19', '2019-6-24', NULL),
		(75, 7, 294916500, 35, '2019-6-6', '2019-6-20', '2019-6-25', NULL),
		(76, 8, 275262560, 64, '2019-6-6', '2019-6-20', '2019-6-15', NULL),
		(77, 4, 198396922, 56, '2019-6-8', '2019-6-22', '2019-6-16', NULL),
		(78, 4, 198396922, 23, '2019-6-9', '2019-6-23', '2019-6-23', NULL),
		(79, 7, 275218951, 51, '2019-6-9', '2019-6-23', '2019-6-23', NULL),
		(80, 4, 152371021, 21, '2019-6-11', '2019-6-25', '2019-6-18', NULL),
		(81, 4, 236596855, 41, '2019-6-14', '2019-6-28', '2019-6-26', NULL),
		(82, 2, 109424511, 33, '2019-6-23', '2019-7-7', '2019-6-28', NULL),
		(83, 4, 159359463, 52, '2019-6-24', '2019-7-8', '2019-7-10', NULL),
		(84, 1, 375549507, 22, '2019-6-27', '2019-7-11', '2019-7-16', NULL),
		(85, 8, 230447059, 9, '2019-7-1', '2019-7-15', '2019-7-13', NULL),
		(86, 8, 141713929, 18, '2019-7-2', '2019-7-16', '2019-7-12', NULL),
		(87, 7, 109424511, 9, '2019-7-4', '2019-7-18', '2019-7-17', NULL),
		(88, 6, 372248913, 14, '2019-7-5', '2019-7-19', '2019-7-16', NULL),
		(89, 6, 123063115, 38, '2019-7-5', '2019-7-19', '2019-7-12', NULL),
		(90, 5, 243160206, 56, '2019-7-6', '2019-7-20', '2019-7-17', NULL),
		(91, 5, 133328435, 49, '2019-7-11', '2019-7-25', '2019-7-20', NULL),
		(92, 2, 365360921, 2, '2019-7-14', '2019-7-28', '2019-7-29', NULL),
		(93, 4, 186831947, 5, '2019-7-17', '2019-8-1', '2019-7-26', NULL),
		(94, 1, 315945138, 53, '2019-7-17', '2019-8-1', '2019-7-22', NULL),
		(95, 3, 373239805, 64, '2019-7-27', '2019-8-11', '2019-8-16', NULL),
		(96, 6, 350765083, 58, '2019-7-29', '2019-8-13', '2019-8-17', NULL),
		(97, 7, 353856516, 8, '2019-7-30', '2019-8-14', '2019-8-6', NULL),
		(98, 3, 205987354, 38, '2019-7-30', '2019-8-14', '2019-8-13', NULL),
		(99, 7, 394260614, 56, '2019-8-2', '2019-8-16', '2019-8-12', NULL),
		(100, 3, 268486442, 9, '2019-8-4', '2019-8-18', '2019-8-14', NULL),
		(101, 8, 241560214, 4, '2019-8-19', '2019-9-3', '2019-9-4', NULL),
		(102, 1, 213265496, 30, '2019-8-19', '2019-9-3', '2019-8-29', NULL),
		(103, 1, 361171294, 39, '2019-8-23', '2019-9-7', '2019-9-5', NULL),
		(104, 6, 241069319, 49, '2019-8-23', '2019-9-7', '2019-9-8', NULL),
		(105, 2, 150474041, 43, '2019-8-26', '2019-9-10', '2019-9-12', NULL),
		(106, 3, 310525120, 48, '2019-8-27', '2019-9-11', '2019-9-11', NULL),
		(107, 8, 263678191, 64, '2019-8-27', '2019-9-11', '2019-9-13', NULL),
		(108, 5, 159359463, 19, '2019-8-30', '2019-9-14', '2019-9-13', NULL),
		(109, 3, 198812059, 50, '2019-8-30', '2019-9-14', '2019-9-8', NULL),
		(110, 5, 185527720, 61, '2019-8-30', '2019-9-14', '2019-9-11', NULL),
		(111, 7, 166873059, 60, '2019-9-2', '2019-9-16', '2019-9-11', NULL),
		(112, 6, 151988314, 14, '2019-9-3', '2019-9-17', '2019-9-8', NULL),
		(113, 1, 360978113, 14, '2019-9-8', '2019-9-22', '2019-9-20', NULL),
		(114, 7, 120529395, 18, '2019-9-13', '2019-9-27', '2019-9-25', NULL),
		(115, 2, 242184886, 47, '2019-9-14', '2019-9-28', '2019-9-28', NULL),
		(116, 2, 325769654, 3, '2019-9-17', '2019-10-1', '2019-10-3', NULL),
		(117, 2, 120529395, 63, '2019-9-20', '2019-10-4', '2019-10-2', NULL),
		(118, 4, 397977574, 40, '2019-9-21', '2019-10-5', '2019-10-6', NULL),
		(119, 3, 374513906, 14, '2019-9-27', '2019-10-11', '2019-10-5', NULL),
		(120, 4, 130199293, 31, '2019-10-1', '2019-10-15', '2019-10-16', NULL),
		(121, 8, 213744947, 64, '2019-10-7', '2019-10-21', '2019-10-16', NULL),
		(122, 8, 193624829, 20, '2019-10-15', '2019-10-29', '2019-11-2', NULL),
		(123, 3, 213859880, 59, '2019-10-17', '2019-11-1', '2019-10-23', NULL),
		(124, 1, 371603165, 45, '2019-10-18', '2019-11-2', '2019-10-24', NULL),
		(125, 1, 120591864, 58, '2019-10-18', '2019-11-2', '2019-10-24', NULL),
		(126, 2, 185527720, 34, '2019-10-19', '2019-11-3', '2019-10-24', NULL),
		(127, 5, 263678191, 41, '2019-10-23', '2019-11-7', '2019-11-12', NULL),
		(128, 5, 216153876, 43, '2019-10-27', '2019-11-11', '2019-11-12', NULL),
		(129, 6, 381265519, 6, '2019-11-4', '2019-11-18', '2019-11-11', NULL),
		(130, 3, 294916500, 61, '2019-11-4', '2019-11-18', '2019-11-18', NULL),
		(131, 7, 188533288, 25, '2019-11-5', '2019-11-19', '2019-11-20', NULL),
		(132, 3, 282737538, 42, '2019-11-9', '2019-11-23', '2019-11-23', NULL),
		(133, 1, 272211630, 1, '2019-11-11', '2019-11-25', '2019-11-23', NULL),
		(134, 6, 215915710, 8, '2019-11-12', '2019-11-26', '2019-12-1', NULL),
		(135, 1, 282737538, 32, '2019-11-15', '2019-11-29', '2019-11-20', NULL),
		(136, 8, 163901303, 34, '2019-11-18', '2019-12-2', '2019-12-2', NULL),
		(137, 7, 102665980, 42, '2019-11-19', '2019-12-3', '2019-12-5', NULL),
		(138, 6, 241560214, 22, '2019-11-23', '2019-12-7', '2019-12-10', NULL),
		(139, 3, 111284682, 35, '2019-11-25', '2019-12-9', '2019-12-7', NULL),
		(140, 7, 329130610, 41, '2019-11-25', '2019-12-9', '2019-12-5', NULL),
		(141, 1, 213859880, 55, '2019-11-26', '2019-12-10', '2019-12-1', NULL),
		(142, 8, 282737538, 37, '2019-12-1', '2019-12-15', '2019-12-18', NULL),
		(143, 2, 130199293, 23, '2019-12-7', '2019-12-21', '2019-12-17', NULL),
		(144, 5, 383334247, 36, '2019-12-8', '2019-12-22', '2019-12-14', NULL),
		(145, 6, 198396922, 57, '2019-12-8', '2019-12-22', '2019-12-20', NULL),
		(146, 3, 371603165, 13, '2019-12-10', '2019-12-24', '2019-12-20', NULL),
		(147, 6, 329209886, 64, '2019-12-11', '2019-12-25', '2019-12-24', NULL),
		(148, 1, 241560214, 10, '2019-12-12', '2019-12-26', '2019-12-22', NULL),
		(149, 7, 356014300, 50, '2019-12-14', '2019-12-28', '2019-12-25', NULL),
		(150, 3, 384247656, 42, '2019-12-15', '2019-12-29', '2019-12-30', NULL)
;

-- SELECT * FROM registo_livro;

